ID,Name,Age,Photo,Nationality,Flag,Overall,Potential,Club,Club Logo,Value,Wage,Special,Preferred Foot,International Reputation,Weak Foot,Skill Moves,Work Rate,Body Type,Real Face,Position,Joined,Loaned From,Contract Valid Until,Height,Weight,Release Clause,Kit Number
209658,L. Goretzka,27,https://cdn.sofifa.net/players/209/658/23_60.png,Germany,https://cdn.sofifa.net/flags/de.png,87,88,FC Bayern München,https://cdn.sofifa.net/teams/21/30.png,€91M,€115K,2312,Right,4,4,3,High/ Medium,Unique,Yes,"<span class=""pos pos28"">SUB",1-Jul-18,nan,2026,189cm,82kg,€157M,8
212198,Bruno Fernandes,27,https://cdn.sofifa.net/players/212/198/23_60.png,Portugal,https://cdn.sofifa.net/flags/pt.png,86,87,Manchester United,https://cdn.sofifa.net/teams/11/30.png,€78.5M,€190K,2305,Right,3,3,4,High/ High,Unique,Yes,"<span class=""pos pos15"">LCM",30-Jan-20,nan,2026,179cm,69kg,€155M,8
224334,M. Acuña,30,https://cdn.sofifa.net/players/224/334/23_60.png,Argentina,https://cdn.sofifa.net/flags/ar.png,85,85,Sevilla FC,https://cdn.sofifa.net/teams/481/30.png,€46.5M,€46K,2303,Left,2,3,3,High/ High,Stocky (170-185),No,"<span class=""pos pos7"">LB",14-Sep-20,nan,2024,172cm,69kg,€97.7M,19
192985,K. De Bruyne,31,https://cdn.sofifa.net/players/192/985/23_60.png,Belgium,https://cdn.sofifa.net/flags/be.png,91,91,Manchester City,https://cdn.sofifa.net/teams/10/30.png,€107.5M,€350K,2303,Right,4,5,4,High/ High,Unique,Yes,"<span class=""pos pos13"">RCM",30-Aug-15,nan,2025,181cm,70kg,€198.9M,17
224232,N. Barella,25,https://cdn.sofifa.net/players/224/232/23_60.png,Italy,https://cdn.sofifa.net/flags/it.png,86,89,Inter,https://cdn.sofifa.net/teams/44/30.png,€89.5M,€110K,2296,Right,3,3,3,High/ High,Normal (170-),Yes,"<span class=""pos pos13"">RCM",1-Sep-20,nan,2026,172cm,68kg,€154.4M,23
212622,J. Kimmich,27,https://cdn.sofifa.net/players/212/622/23_60.png,Germany,https://cdn.sofifa.net/flags/de.png,89,90,FC Bayern München,https://cdn.sofifa.net/teams/21/30.png,€105.5M,€130K,2283,Right,4,4,3,High/ Medium,Normal (170-185),Yes,"<span class=""pos pos9"">RDM",1-Jul-15,nan,2025,177cm,75kg,€182M,6
197445,D. Alaba,30,https://cdn.sofifa.net/players/197/445/23_60.png,Austria,https://cdn.sofifa.net/flags/at.png,86,86,Real Madrid CF,https://cdn.sofifa.net/teams/243/30.png,€55.5M,€220K,2277,Left,4,4,3,Medium/ Medium,Normal (170-185),Yes,"<span class=""pos pos6"">LCB",1-Jul-21,nan,2026,180cm,78kg,€113.8M,4
187961,22 Paulinho,32,https://cdn.sofifa.net/players/187/961/22_60.png,Brazil,https://cdn.sofifa.net/flags/br.png,83,83,Al Ahli,https://cdn.sofifa.net/teams/112387/30.png,€28.5M,€61K,2273,Right,3,4,4,High/ High,Normal (170-185),Yes,"<span class=""pos pos15"">LCM",22-Jul-21,nan,2024,183cm,80kg,€48.5M,15
208333,E. Can,28,https://cdn.sofifa.net/players/208/333/23_60.png,Germany,https://cdn.sofifa.net/flags/de.png,82,82,Borussia Dortmund,https://cdn.sofifa.net/teams/22/30.png,€30.5M,€63K,2271,Right,3,4,3,Medium/ High,Stocky (185+),Yes,"<span class=""pos pos28"">SUB",18-Feb-20,nan,2024,186cm,86kg,€51.9M,23
210514,João Cancelo,28,https://cdn.sofifa.net/players/210/514/23_60.png,Portugal,https://cdn.sofifa.net/flags/pt.png,88,88,Manchester City,https://cdn.sofifa.net/teams/10/30.png,€82.5M,€250K,2262,Right,3,4,4,High/ Medium,Unique,Yes,"<span class=""pos pos7"">LB",7-Aug-19,nan,2027,182cm,74kg,€152.6M,7
228251,L. Pellegrini,26,https://cdn.sofifa.net/players/228/251/23_60.png,Italy,https://cdn.sofifa.net/flags/it.png,84,87,Roma,https://cdn.sofifa.net/teams/52/30.png,€55M,€95K,2258,Right,2,4,3,High/ High,Lean (185+),Yes,"<span class=""pos pos13"">RCM",1-Jul-17,nan,2026,186cm,77kg,€97.6M,7
177003,L. Modrić,36,https://cdn.sofifa.net/players/177/003/23_60.png,Croatia,https://cdn.sofifa.net/flags/hr.png,88,88,Real Madrid CF,https://cdn.sofifa.net/teams/243/30.png,€29M,€230K,2257,Right,4,4,4,Medium/ Medium,Lean (170-185),Yes,"<span class=""pos pos13"">RCM",1-Aug-12,nan,2023,172cm,66kg,€59.5M,10
223848,S. Milinković-Savić,27,https://cdn.sofifa.net/players/223/848/23_60.png,Serbia,https://cdn.sofifa.net/flags/rs.png,86,87,Lazio,https://cdn.sofifa.net/teams/46/30.png,€77.5M,€90K,2250,Right,3,5,4,High/ Medium,Normal (185+),Yes,"<span class=""pos pos13"">RCM",6-Aug-15,nan,2024,191cm,76kg,€137.6M,21
225193,Merino,26,https://cdn.sofifa.net/players/225/193/23_60.png,Spain,https://cdn.sofifa.net/flags/es.png,83,86,Real Sociedad,https://cdn.sofifa.net/teams/457/30.png,€47M,€49K,2247,Left,1,3,3,High/ High,Normal (185+),Yes,"<span class=""pos pos15"">LCM",12-Jul-18,nan,2025,189cm,83kg,€102.2M,8
226161,Marcos Llorente,27,https://cdn.sofifa.net/players/226/161/23_60.png,Spain,https://cdn.sofifa.net/flags/es.png,84,85,Atlético de Madrid,https://cdn.sofifa.net/teams/240/30.png,€48M,€81K,2244,Right,3,4,3,High/ Medium,Lean (170-185),Yes,"<span class=""pos pos13"">RCM",1-Jul-19,nan,2027,184cm,74kg,€102M,14
212616,R. De Paul,28,https://cdn.sofifa.net/players/212/616/23_60.png,Argentina,https://cdn.sofifa.net/flags/ar.png,84,84,Atlético de Madrid,https://cdn.sofifa.net/teams/240/30.png,€42M,€85K,2240,Right,1,3,4,High/ Medium,Normal (170-185),No,"<span class=""pos pos28"">SUB",12-Jul-21,nan,2026,180cm,70kg,€86.1M,5
181458,I. Perišić,33,https://cdn.sofifa.net/players/181/458/23_60.png,Croatia,https://cdn.sofifa.net/flags/hr.png,84,84,Tottenham Hotspur,https://cdn.sofifa.net/teams/18/30.png,€26.5M,€130K,2238,Right,3,5,4,High/ Medium,Lean (185+),Yes,"<span class=""pos pos28"">SUB",1-Jul-22,nan,2024,186cm,80kg,€50.4M,14
228702,F. de Jong,25,https://cdn.sofifa.net/players/228/702/23_60.png,Netherlands,https://cdn.sofifa.net/flags/nl.png,87,92,FC Barcelona,https://cdn.sofifa.net/teams/241/30.png,€116.5M,€230K,2238,Right,3,3,4,High/ Medium,Unique,Yes,"<span class=""pos pos13"">RCM",1-Jul-19,nan,2026,180cm,74kg,€247.6M,21
193082,J. Cuadrado,34,https://cdn.sofifa.net/players/193/082/23_60.png,Colombia,https://cdn.sofifa.net/flags/co.png,83,83,Juventus,https://cdn.sofifa.net/teams/45/30.png,€13.5M,€120K,2234,Right,3,3,5,High/ Medium,Lean (170-185),Yes,"<span class=""pos pos3"">RB",1-Jul-17,nan,2023,179cm,72kg,€23M,11
208574,F. Kostić,29,https://cdn.sofifa.net/players/208/574/23_60.png,Serbia,https://cdn.sofifa.net/flags/rs.png,85,85,Eintracht Frankfurt,https://cdn.sofifa.net/teams/1824/30.png,€53M,€56K,2234,Left,3,2,3,High/ High,Normal (170-185),Yes,"<span class=""pos pos16"">LM",17-May-19,nan,2023,184cm,84kg,€90.1M,10
231281,T. Alexander-Arnold,23,https://cdn.sofifa.net/players/231/281/23_60.png,England,https://cdn.sofifa.net/flags/gb-eng.png,87,90,Liverpool,https://cdn.sofifa.net/teams/9/30.png,€100.5M,€150K,2234,Right,3,4,3,High/ Medium,Unique,Yes,"<span class=""pos pos3"">RB",7-Oct-15,nan,2025,180cm,69kg,€193.5M,66
235212,A. Hakimi,23,https://cdn.sofifa.net/players/235/212/23_60.png,Morocco,https://cdn.sofifa.net/flags/ma.png,84,87,Paris Saint-Germain,https://cdn.sofifa.net/teams/73/30.png,€53.5M,€90K,2229,Right,2,4,4,High/ Medium,Lean (170-185),Yes,"<span class=""pos pos2"">RWB",6-Jul-21,nan,2026,181cm,73kg,€103M,2
216352,M. Brozović,29,https://cdn.sofifa.net/players/216/352/23_60.png,Croatia,https://cdn.sofifa.net/flags/hr.png,86,86,Inter,https://cdn.sofifa.net/teams/44/30.png,€58M,€110K,2227,Right,3,4,3,Medium/ Medium,Lean (170-185),Yes,"<span class=""pos pos10"">CDM",1-Jul-16,nan,2026,181cm,68kg,€95.7M,77
209331,M. Salah,30,https://cdn.sofifa.net/players/209/331/23_60.png,Egypt,https://cdn.sofifa.net/flags/eg.png,90,90,Liverpool,https://cdn.sofifa.net/teams/9/30.png,€115.5M,€270K,2226,Left,4,3,4,High/ Medium,Unique,Yes,"<span class=""pos pos23"">RW",1-Jul-17,nan,2023,175cm,71kg,€213.7M,11
241096,S. Tonali,22,https://cdn.sofifa.net/players/241/096/23_60.png,Italy,https://cdn.sofifa.net/flags/it.png,84,90,AC Milan,https://cdn.sofifa.net/teams/47/30.png,€62.5M,€75K,2225,Right,1,4,3,Medium/ High,Unique,Yes,"<span class=""pos pos13"">RCM",8-Jul-21,nan,2026,181cm,79kg,€118.8M,8
189509,Thiago,31,https://cdn.sofifa.net/players/189/509/23_60.png,Spain,https://cdn.sofifa.net/flags/es.png,86,86,Liverpool,https://cdn.sofifa.net/teams/9/30.png,€55.5M,€180K,2225,Right,3,3,5,Medium/ Medium,Normal (170-185),Yes,"<span class=""pos pos15"">LCM",18-Sep-20,nan,2024,174cm,70kg,€102.7M,6
238074,R. James,22,https://cdn.sofifa.net/players/238/074/23_60.png,England,https://cdn.sofifa.net/flags/gb-eng.png,84,88,Chelsea,https://cdn.sofifa.net/teams/5/30.png,€57M,€120K,2225,Right,2,3,3,High/ Medium,Stocky (170-185),Yes,"<span class=""pos pos2"">RWB",3-Mar-17,nan,2025,178cm,87kg,€109.7M,24
189332,Jordi Alba,33,https://cdn.sofifa.net/players/189/332/23_60.png,Spain,https://cdn.sofifa.net/flags/es.png,85,85,FC Barcelona,https://cdn.sofifa.net/teams/241/30.png,€28M,€190K,2218,Left,3,3,3,High/ Medium,Unique,Yes,"<span class=""pos pos7"">LB",1-Jul-12,nan,2024,170cm,68kg,€57.4M,18
213565,T. Lemar,26,https://cdn.sofifa.net/players/213/565/23_60.png,France,https://cdn.sofifa.net/flags/fr.png,83,86,Atlético de Madrid,https://cdn.sofifa.net/teams/240/30.png,€47M,€74K,2215,Left,3,3,4,High/ High,Lean (170-185),Yes,"<span class=""pos pos28"">SUB",1-Jul-18,nan,2023,171cm,63kg,€99.9M,11
230767,Renato Sanches,24,https://cdn.sofifa.net/players/230/767/23_60.png,Portugal,https://cdn.sofifa.net/flags/pt.png,80,86,Paris Saint-Germain,https://cdn.sofifa.net/teams/73/30.png,€33M,€72K,2215,Right,3,4,4,High/ High,Normal (170-185),Yes,"<span class=""pos pos28"">SUB",4-Aug-22,nan,2027,176cm,70kg,€67.7M,11
190286,Canales,31,https://cdn.sofifa.net/players/190/286/23_60.png,Spain,https://cdn.sofifa.net/flags/es.png,84,84,Real Betis Balompié,https://cdn.sofifa.net/teams/449/30.png,€35M,€42K,2213,Left,2,3,4,High/ Medium,Lean (170-185),Yes,"<span class=""pos pos12"">RM",3-Jul-18,nan,2026,176cm,65kg,€73.5M,10
226754,I. Bennacer,24,https://cdn.sofifa.net/players/226/754/23_60.png,Algeria,https://cdn.sofifa.net/flags/dz.png,82,86,AC Milan,https://cdn.sofifa.net/teams/47/30.png,€40M,€63K,2213,Left,2,3,4,High/ Medium,Lean (170-185),No,"<span class=""pos pos15"">LCM",4-Aug-19,nan,2024,175cm,70kg,€71M,4
231969,R. Malinovskyi,29,https://cdn.sofifa.net/players/231/969/23_60.png,Ukraine,https://cdn.sofifa.net/flags/ua.png,82,82,Atalanta,https://cdn.sofifa.net/teams/39/30.png,€30.5M,€73K,2213,Left,3,4,4,Medium/ Medium,Stocky (170-185),No,"<span class=""pos pos22"">LF",16-Jul-19,nan,2023,181cm,79kg,€51.9M,18
238744,W. McKennie,23,https://cdn.sofifa.net/players/238/744/23_60.png,United States,https://cdn.sofifa.net/flags/us.png,80,85,Juventus,https://cdn.sofifa.net/teams/45/30.png,€31.5M,€90K,2212,Right,2,3,3,High/ High,Normal (170-185),Yes,"<span class=""pos pos15"">LCM",1-Jul-21,nan,2025,183cm,84kg,€55.9M,14
200145,Casemiro,30,https://cdn.sofifa.net/players/200/145/23_60.png,Brazil,https://cdn.sofifa.net/flags/br.png,89,89,Real Madrid CF,https://cdn.sofifa.net/teams/243/30.png,€86M,€300K,2209,Right,3,3,2,Medium/ High,Unique,Yes,"<span class=""pos pos10"">CDM",11-Jul-13,nan,2025,185cm,84kg,€176.3M,14
230938,F. Kessié,25,https://cdn.sofifa.net/players/230/938/23_60.png,Côte d'Ivoire,https://cdn.sofifa.net/flags/ci.png,84,86,FC Barcelona,https://cdn.sofifa.net/teams/241/30.png,€47.5M,€165K,2206,Right,3,4,3,High/ High,Normal (170-185),Yes,"<span class=""pos pos28"">SUB",4-Jul-22,nan,2026,183cm,88kg,€100.9M,19
200458,L. Digne,28,https://cdn.sofifa.net/players/200/458/23_60.png,France,https://cdn.sofifa.net/flags/fr.png,82,82,Aston Villa,https://cdn.sofifa.net/teams/2/30.png,€27.5M,€100K,2206,Left,2,2,3,High/ Medium,Unique,Yes,"<span class=""pos pos7"">LB",13-Jan-22,nan,2026,178cm,74kg,€52.3M,27
188545,R. Lewandowski,33,https://cdn.sofifa.net/players/188/545/23_60.png,Poland,https://cdn.sofifa.net/flags/pl.png,91,91,FC Barcelona,https://cdn.sofifa.net/teams/241/30.png,€84M,€420K,2205,Right,5,4,4,High/ Medium,Unique,Yes,"<span class=""pos pos25"">ST",18-Jul-22,nan,2025,185cm,81kg,€172.2M,9
181872,22 A. Vidal,34,https://cdn.sofifa.net/players/181/872/22_60.png,Chile,https://cdn.sofifa.net/flags/cl.png,81,81,Inter,https://cdn.sofifa.net/teams/44/30.png,€12M,€105K,2199,Right,4,4,3,High/ High,Unique,Yes,"<span class=""pos pos28"">SUB",22-Sep-20,nan,2023,180cm,75kg,€20.4M,22
188377,K. Walker,32,https://cdn.sofifa.net/players/188/377/23_60.png,England,https://cdn.sofifa.net/flags/gb-eng.png,85,85,Manchester City,https://cdn.sofifa.net/teams/10/30.png,€37.5M,€170K,2196,Right,3,2,3,High/ High,Unique,Yes,"<span class=""pos pos3"">RB",14-Jul-17,nan,2024,183cm,83kg,€69.4M,2
232656,T. Hernández,24,https://cdn.sofifa.net/players/232/656/23_60.png,France,https://cdn.sofifa.net/flags/fr.png,85,90,AC Milan,https://cdn.sofifa.net/teams/47/30.png,€76M,€82K,2195,Left,3,3,3,High/ Medium,Unique,Yes,"<span class=""pos pos7"">LB",5-Jul-19,nan,2026,184cm,81kg,€134.9M,19
186942,İ. Gündoğan,31,https://cdn.sofifa.net/players/186/942/23_60.png,Germany,https://cdn.sofifa.net/flags/de.png,85,85,Manchester City,https://cdn.sofifa.net/teams/10/30.png,€44M,€185K,2195,Right,3,4,4,High/ Medium,Normal (170-185),Yes,"<span class=""pos pos28"">SUB",1-Jul-16,nan,2023,180cm,80kg,€81.4M,8
214097,B. Bourigeaud,28,https://cdn.sofifa.net/players/214/097/23_60.png,France,https://cdn.sofifa.net/flags/fr.png,81,81,Stade Rennais FC,https://cdn.sofifa.net/teams/74/30.png,€26M,€66K,2194,Right,2,3,3,High/ High,Lean (170-185),No,"<span class=""pos pos23"">RW",14-Jun-17,nan,2023,178cm,68kg,€49.4M,14
219683,C. Tolisso,27,https://cdn.sofifa.net/players/219/683/23_60.png,France,https://cdn.sofifa.net/flags/fr.png,81,81,Olympique Lyonnais,https://cdn.sofifa.net/teams/66/30.png,€27.5M,€75K,2193,Right,3,3,3,High/ Medium,Normal (170-185),Yes,"<span class=""pos pos13"">RCM",1-Jul-22,nan,2027,181cm,81kg,€52.3M,88
202126,H. Kane,28,https://cdn.sofifa.net/players/202/126/23_60.png,England,https://cdn.sofifa.net/flags/gb-eng.png,89,89,Tottenham Hotspur,https://cdn.sofifa.net/teams/18/30.png,€105.5M,€240K,2193,Right,4,5,3,High/ High,Unique,Yes,"<span class=""pos pos25"">ST",28-Jul-10,nan,2024,188cm,89kg,€200.5M,10
193747,Koke,30,https://cdn.sofifa.net/players/193/747/23_60.png,Spain,https://cdn.sofifa.net/flags/es.png,83,83,Atlético de Madrid,https://cdn.sofifa.net/teams/240/30.png,€34.5M,€74K,2192,Right,3,4,3,Medium/ Medium,Normal (170-185),Yes,"<span class=""pos pos15"">LCM",1-Jan-11,nan,2024,176cm,77kg,€70.7M,6
195479,J. Tavernier,30,https://cdn.sofifa.net/players/195/479/23_60.png,England,https://cdn.sofifa.net/flags/gb-eng.png,78,78,Rangers FC,https://cdn.sofifa.net/teams/86/30.png,€12M,€51K,2191,Right,1,3,3,High/ Medium,Lean (185+),Yes,"<span class=""pos pos3"">RB",20-Jul-15,nan,2024,182cm,75kg,€21.6M,2
183711,J. Henderson,32,https://cdn.sofifa.net/players/183/711/23_60.png,England,https://cdn.sofifa.net/flags/gb-eng.png,83,83,Liverpool,https://cdn.sofifa.net/teams/9/30.png,€28.5M,€135K,2190,Right,3,3,3,High/ High,Normal (170-185),Yes,"<span class=""pos pos13"">RCM",9-Jun-11,nan,2025,182cm,80kg,€52.7M,14
158023,L. Messi,35,https://cdn.sofifa.net/players/158/023/23_60.png,Argentina,https://cdn.sofifa.net/flags/ar.png,91,91,Paris Saint-Germain,https://cdn.sofifa.net/teams/73/30.png,€54M,€195K,2190,Left,5,4,4,Low/ Low,Unique,Yes,"<span class=""pos pos23"">RW",10-Aug-21,nan,2023,169cm,67kg,€99.9M,30
199556,M. Verratti,29,https://cdn.sofifa.net/players/199/556/23_60.png,Italy,https://cdn.sofifa.net/flags/it.png,87,87,Paris Saint-Germain,https://cdn.sofifa.net/teams/73/30.png,€77.5M,€155K,2189,Right,3,4,4,Medium/ High,Unique,Yes,"<span class=""pos pos13"">RCM",18-Jul-12,nan,2024,165cm,60kg,€143.4M,6
214047,M. Uribe,31,https://cdn.sofifa.net/players/214/047/23_60.png,Colombia,https://cdn.sofifa.net/flags/co.png,81,81,FC Porto,https://cdn.sofifa.net/teams/236/30.png,€21M,€19K,2189,Right,1,4,3,Medium/ High,Normal (170-185),Yes,"<span class=""pos pos13"">RCM",5-Aug-19,nan,2023,183cm,77kg,€42M,8
239053,F. Valverde,23,https://cdn.sofifa.net/players/239/053/23_60.png,Uruguay,https://cdn.sofifa.net/flags/uy.png,84,90,Real Madrid CF,https://cdn.sofifa.net/teams/243/30.png,€66M,€175K,2188,Right,1,4,3,High/ High,Unique,Yes,"<span class=""pos pos28"">SUB",22-Jul-16,nan,2027,182cm,78kg,€148.5M,15
208722,S. Mané,30,https://cdn.sofifa.net/players/208/722/23_60.png,Senegal,https://cdn.sofifa.net/flags/sn.png,89,89,FC Bayern München,https://cdn.sofifa.net/teams/21/30.png,€99.5M,€145K,2188,Right,4,4,4,High/ Medium,Unique,Yes,"<span class=""pos pos25"">ST",1-Jul-22,nan,2025,174cm,69kg,€164.2M,17
205632,L. Ocampos,27,https://cdn.sofifa.net/players/205/632/23_60.png,Argentina,https://cdn.sofifa.net/flags/ar.png,81,81,Sevilla FC,https://cdn.sofifa.net/teams/481/30.png,€27.5M,€39K,2188,Right,2,3,4,High/ High,Normal (185+),No,"<span class=""pos pos28"">SUB",3-Jul-19,nan,2024,188cm,84kg,€57.8M,5
233927,Lucas Paquetá,24,https://cdn.sofifa.net/players/233/927/23_60.png,Brazil,https://cdn.sofifa.net/flags/br.png,82,87,Olympique Lyonnais,https://cdn.sofifa.net/teams/66/30.png,€46M,€70K,2188,Left,2,4,5,High/ High,Normal (170-185),Yes,"<span class=""pos pos15"">LCM",1-Oct-20,nan,2025,180cm,72kg,€90.9M,10
202648,Sergi Darder,28,https://cdn.sofifa.net/players/202/648/23_60.png,Spain,https://cdn.sofifa.net/flags/es.png,82,82,RCD Espanyol de Barcelona,https://cdn.sofifa.net/teams/452/30.png,€30.5M,€30K,2188,Right,1,3,3,Medium/ Medium,Lean (170-185),Yes,"<span class=""pos pos18"">CAM",10-Jul-18,nan,2023,180cm,71kg,€64.1M,10
216393,Y. Tielemans,25,https://cdn.sofifa.net/players/216/393/23_60.png,Belgium,https://cdn.sofifa.net/flags/be.png,84,86,Leicester City,https://cdn.sofifa.net/teams/95/30.png,€52.5M,€115K,2187,Right,2,5,4,Medium/ Medium,Normal (170-185),Yes,"<span class=""pos pos9"">RDM",8-Jul-19,nan,2023,176cm,72kg,€103.7M,8
209297,Fred,29,https://cdn.sofifa.net/players/209/297/23_60.png,Brazil,https://cdn.sofifa.net/flags/br.png,80,80,Manchester United,https://cdn.sofifa.net/teams/11/30.png,€20.5M,€120K,2186,Left,3,3,4,High/ High,Lean (170-),Yes,"<span class=""pos pos10"">CDM",21-Jun-18,nan,2023,169cm,62kg,€39M,17
218667,Bernardo Silva,27,https://cdn.sofifa.net/players/218/667/23_60.png,Portugal,https://cdn.sofifa.net/flags/pt.png,88,88,Manchester City,https://cdn.sofifa.net/teams/10/30.png,€97.5M,€260K,2185,Left,2,3,4,High/ High,Lean (170-185),Yes,"<span class=""pos pos15"">LCM",1-Jul-17,nan,2025,173cm,64kg,€180.4M,20
234153,Carlos Soler,25,https://cdn.sofifa.net/players/234/153/23_60.png,Spain,https://cdn.sofifa.net/flags/es.png,83,88,Valencia CF,https://cdn.sofifa.net/teams/461/30.png,€53M,€51K,2183,Right,2,4,3,Medium/ Medium,Normal (170-185),Yes,"<span class=""pos pos15"">LCM",1-Jul-15,nan,2023,180cm,76kg,€115.3M,10
224458,Diogo Jota,25,https://cdn.sofifa.net/players/224/458/23_60.png,Portugal,https://cdn.sofifa.net/flags/pt.png,85,89,Liverpool,https://cdn.sofifa.net/teams/9/30.png,€76M,€170K,2183,Right,2,5,4,High/ High,Normal (170-185),Yes,"<span class=""pos pos28"">SUB",19-Sep-20,nan,2025,178cm,73kg,€146.3M,20
252371,J. Bellingham,19,https://cdn.sofifa.net/players/252/371/23_60.png,England,https://cdn.sofifa.net/flags/gb-eng.png,84,91,Borussia Dortmund,https://cdn.sofifa.net/teams/22/30.png,€81.5M,€41K,2182,Right,2,4,4,High/ High,Lean (185+),Yes,"<span class=""pos pos11"">LDM",23-Jul-20,nan,2025,186cm,75kg,€154.9M,22
201455,G. Kondogbia,29,https://cdn.sofifa.net/players/201/455/23_60.png,Central African Republic,https://cdn.sofifa.net/flags/cf.png,82,82,Atlético de Madrid,https://cdn.sofifa.net/teams/240/30.png,€29.5M,€71K,2181,Left,2,3,3,Medium/ High,Lean (185+),Yes,"<span class=""pos pos10"">CDM",3-Nov-20,nan,2024,188cm,80kg,€60.5M,4
186345,K. Trippier,31,https://cdn.sofifa.net/players/186/345/23_60.png,England,https://cdn.sofifa.net/flags/gb-eng.png,84,84,Newcastle United,https://cdn.sofifa.net/teams/13/30.png,€30.5M,€120K,2181,Right,2,4,3,Medium/ Medium,Normal (170-185),Yes,"<span class=""pos pos3"">RB",7-Jan-22,nan,2024,173cm,71kg,€58M,2
173210,19 C. Marchisio,31,https://cdn.sofifa.net/players/173/210/19_60.png,Italy,https://cdn.sofifa.net/flags/it.png,84,84,Juventus,https://cdn.sofifa.net/teams/45/30.png,€19.5M,€130K,2179,Right,3,4,3,High/ High,Normal (170-185),Yes,"<span class=""pos pos29"">RES",1-Jun-07,nan,2020,180cm,74kg,€32.2M,8
231747,K. Mbappé,23,https://cdn.sofifa.net/players/231/747/23_60.png,France,https://cdn.sofifa.net/flags/fr.png,91,95,Paris Saint-Germain,https://cdn.sofifa.net/teams/73/30.png,€190.5M,€230K,2177,Right,4,4,5,High/ Low,Unique,Yes,"<span class=""pos pos25"">ST",1-Jul-18,nan,2025,182cm,73kg,€366.7M,7
269765,S. Obisanya,22,https://cdn.sofifa.net/players/269/765/23_60.png,Nigeria,https://cdn.sofifa.net/flags/ng.png,81,88,AFC Richmond,https://cdn.sofifa.net/teams/116418/30.png,€52.5M,€55K,2176,Right,1,3,3,High/ High,Lean (185+),Yes,"<span class=""pos pos12"">RM",1-Jul-19,nan,2026,185cm,77kg,€110.3M,24
183512,Yuri Berchiche,32,https://cdn.sofifa.net/players/183/512/23_60.png,Spain,https://cdn.sofifa.net/flags/es.png,82,82,Athletic Club de Bilbao,https://cdn.sofifa.net/teams/448/30.png,€21M,€35K,2176,Left,2,3,3,High/ Medium,Normal (170-185),Yes,"<span class=""pos pos7"">LB",2-Jul-18,nan,2024,181cm,80kg,€44.1M,17
193165,J. Corona,29,https://cdn.sofifa.net/players/193/165/23_60.png,Mexico,https://cdn.sofifa.net/flags/mx.png,81,81,Sevilla FC,https://cdn.sofifa.net/teams/481/30.png,€25.5M,€40K,2175,Right,3,5,5,Medium/ Medium,Normal (170-185),Yes,"<span class=""pos pos23"">RW",14-Jan-22,nan,2025,173cm,66kg,€53.6M,9
235008,L. Robertone,25,https://cdn.sofifa.net/players/235/008/23_60.png,Argentina,https://cdn.sofifa.net/flags/ar.png,76,80,Unión Deportiva Almería,https://cdn.sofifa.net/teams/1861/30.png,€10.5M,€24K,2173,Right,1,4,4,Medium/ High,Normal (170-185),No,"<span class=""pos pos15"">LCM",1-Oct-20,nan,2025,175cm,70kg,€23.9M,5
204923,M. Sabitzer,28,https://cdn.sofifa.net/players/204/923/23_60.png,Austria,https://cdn.sofifa.net/flags/at.png,80,80,FC Bayern München,https://cdn.sofifa.net/teams/21/30.png,€21M,€67K,2172,Right,3,4,3,High/ High,Normal (170-185),Yes,"<span class=""pos pos28"">SUB",30-Aug-21,nan,2025,178cm,76kg,€34.7M,18
208128,H. Çalhanoğlu,28,https://cdn.sofifa.net/players/208/128/23_60.png,Turkey,https://cdn.sofifa.net/flags/tr.png,84,84,Inter,https://cdn.sofifa.net/teams/44/30.png,€42M,€100K,2172,Right,3,4,4,High/ High,Normal (170-185),Yes,"<span class=""pos pos15"">LCM",1-Jul-21,nan,2024,178cm,76kg,€69.3M,20
224293,Rúben Neves,25,https://cdn.sofifa.net/players/224/293/23_60.png,Portugal,https://cdn.sofifa.net/flags/pt.png,83,86,Wolverhampton Wanderers,https://cdn.sofifa.net/teams/110/30.png,€47.5M,€105K,2171,Right,2,4,3,Low/ High,Normal (170-185),Yes,"<span class=""pos pos13"">RCM",8-Jul-17,nan,2024,180cm,80kg,€93.8M,8
211748,K. Demirbay,28,https://cdn.sofifa.net/players/211/748/23_60.png,Germany,https://cdn.sofifa.net/flags/de.png,81,81,Bayer 04 Leverkusen,https://cdn.sofifa.net/teams/32/30.png,€25.5M,€65K,2171,Left,2,4,4,High/ Medium,Normal (170-185),Yes,"<span class=""pos pos11"">LDM",1-Jul-19,nan,2024,183cm,71kg,€43.4M,10
209889,R. Guerreiro,28,https://cdn.sofifa.net/players/209/889/23_60.png,Portugal,https://cdn.sofifa.net/flags/pt.png,82,82,Borussia Dortmund,https://cdn.sofifa.net/teams/22/30.png,€27.5M,€57K,2171,Left,3,2,4,High/ Low,Normal (170-),Yes,"<span class=""pos pos7"">LB",1-Jul-16,nan,2023,170cm,71kg,€46.8M,13
234396,A. Davies,21,https://cdn.sofifa.net/players/234/396/23_60.png,Canada,https://cdn.sofifa.net/flags/ca.png,84,89,FC Bayern München,https://cdn.sofifa.net/teams/21/30.png,€60.5M,€59K,2170,Left,3,4,4,High/ Low,Unique,Yes,"<span class=""pos pos7"">LB",1-Jan-19,nan,2025,185cm,77kg,€104.4M,19
172522,D. Wass,33,https://cdn.sofifa.net/players/172/522/23_60.png,Denmark,https://cdn.sofifa.net/flags/dk.png,79,79,Atlético de Madrid,https://cdn.sofifa.net/teams/240/30.png,€11M,€55K,2170,Right,2,3,3,Medium/ Medium,Normal (170-185),Yes,"<span class=""pos pos28"">SUB",27-Jan-22,nan,2023,181cm,74kg,€22.6M,24
240679,T. Koopmeiners,24,https://cdn.sofifa.net/players/240/679/23_60.png,Netherlands,https://cdn.sofifa.net/flags/nl.png,80,84,Atalanta,https://cdn.sofifa.net/teams/39/30.png,€30M,€49K,2170,Left,2,2,3,Medium/ Medium,Normal (170-185),No,"<span class=""pos pos15"">LCM",30-Aug-21,nan,2025,183cm,77kg,€53.3M,7
201519,J. Veretout,29,https://cdn.sofifa.net/players/201/519/23_60.png,France,https://cdn.sofifa.net/flags/fr.png,79,79,Olympique de Marseille,https://cdn.sofifa.net/teams/219/30.png,€15M,€42K,2170,Right,2,3,3,Medium/ Medium,Normal (170-185),Yes,"<span class=""pos pos28"">SUB",5-Aug-22,nan,2025,177cm,67kg,€28.5M,27
195864,P. Pogba,29,https://cdn.sofifa.net/players/195/864/23_60.png,France,https://cdn.sofifa.net/flags/fr.png,85,85,Juventus,https://cdn.sofifa.net/teams/45/30.png,€52.5M,€165K,2170,Right,4,4,5,Medium/ Low,Unique,Yes,"<span class=""pos pos29"">RES",11-Jul-22,nan,2026,191cm,84kg,€89.3M,10
210243,Ricardo Pereira,28,https://cdn.sofifa.net/players/210/243/23_60.png,Portugal,https://cdn.sofifa.net/flags/pt.png,83,83,Leicester City,https://cdn.sofifa.net/teams/95/30.png,€33M,€105K,2168,Right,3,4,3,High/ High,Unique,Yes,"<span class=""pos pos3"">RB",9-Jun-18,nan,2026,175cm,70kg,€62.7M,21
209499,Fabinho,28,https://cdn.sofifa.net/players/209/499/23_60.png,Brazil,https://cdn.sofifa.net/flags/br.png,87,88,Liverpool,https://cdn.sofifa.net/teams/9/30.png,€77M,€185K,2165,Right,3,2,3,Medium/ High,Unique,Yes,"<span class=""pos pos10"">CDM",1-Jul-18,nan,2026,188cm,78kg,€148.2M,3
208421,Saúl,27,https://cdn.sofifa.net/players/208/421/23_60.png,Spain,https://cdn.sofifa.net/flags/es.png,80,81,Atlético de Madrid,https://cdn.sofifa.net/teams/240/30.png,€24M,€58K,2163,Left,3,4,3,Medium/ Medium,Lean (170-185),Yes,"<span class=""pos pos28"">SUB",1-Jul-13,nan,2026,184cm,75kg,€51M,17
231478,L. Martínez,24,https://cdn.sofifa.net/players/231/478/23_60.png,Argentina,https://cdn.sofifa.net/flags/ar.png,86,90,Inter,https://cdn.sofifa.net/teams/44/30.png,€98.5M,€110K,2163,Right,3,4,4,High/ Medium,Unique,Yes,"<span class=""pos pos26"">LS",5-Jul-18,nan,2026,174cm,72kg,€169.9M,10
189513,Parejo,33,https://cdn.sofifa.net/players/189/513/23_60.png,Spain,https://cdn.sofifa.net/flags/es.png,86,86,Villarreal CF,https://cdn.sofifa.net/teams/483/30.png,€42M,€64K,2162,Right,2,4,3,Medium/ Medium,Normal (170-185),Yes,"<span class=""pos pos15"">LCM",12-Aug-20,nan,2024,182cm,74kg,€88.2M,5
226226,G. Lo Celso,26,https://cdn.sofifa.net/players/226/226/23_60.png,Argentina,https://cdn.sofifa.net/flags/ar.png,81,83,Tottenham Hotspur,https://cdn.sofifa.net/teams/18/30.png,€31.5M,€100K,2162,Left,1,3,4,High/ Medium,Normal (170-185),Yes,"<span class=""pos pos29"">RES",27-Jul-20,nan,2025,177cm,68kg,€62.2M,18
201942,Roberto Firmino,30,https://cdn.sofifa.net/players/201/942/23_60.png,Brazil,https://cdn.sofifa.net/flags/br.png,83,83,Liverpool,https://cdn.sofifa.net/teams/9/30.png,€35.5M,€150K,2161,Right,3,4,5,High/ High,Unique,Yes,"<span class=""pos pos28"">SUB",6-Jul-15,nan,2023,181cm,76kg,€65.7M,9
201389,C. Biraghi,29,https://cdn.sofifa.net/players/201/389/23_60.png,Italy,https://cdn.sofifa.net/flags/it.png,80,80,Fiorentina,https://cdn.sofifa.net/teams/110374/30.png,€18.5M,€58K,2159,Left,2,3,3,Medium/ Medium,Normal (185+),No,"<span class=""pos pos7"">LB",1-Jul-18,nan,2024,185cm,78kg,€31.5M,3
20801,Cristiano Ronaldo,37,https://cdn.sofifa.net/players/020/801/23_60.png,Portugal,https://cdn.sofifa.net/flags/pt.png,90,90,Manchester United,https://cdn.sofifa.net/teams/11/30.png,€41M,€220K,2159,Right,5,4,5,High/ Low,Unique,Yes,"<span class=""pos pos25"">ST",27-Aug-21,nan,2023,187cm,83kg,€77.9M,7
228618,F. Mendy,27,https://cdn.sofifa.net/players/228/618/23_60.png,France,https://cdn.sofifa.net/flags/fr.png,83,84,Real Madrid CF,https://cdn.sofifa.net/teams/243/30.png,€38M,€170K,2158,Left,1,5,4,High/ High,Unique,Yes,"<span class=""pos pos7"">LB",1-Jul-19,nan,2025,180cm,73kg,€80.8M,23
190871,Neymar Jr,30,https://cdn.sofifa.net/players/190/871/23_60.png,Brazil,https://cdn.sofifa.net/flags/br.png,89,89,Paris Saint-Germain,https://cdn.sofifa.net/teams/73/30.png,€99.5M,€200K,2157,Right,5,5,5,High/ Medium,Unique,Yes,"<span class=""pos pos27"">LW",3-Aug-17,nan,2025,175cm,68kg,€184.1M,10
212242,R. Andrich,27,https://cdn.sofifa.net/players/212/242/23_60.png,Germany,https://cdn.sofifa.net/flags/de.png,81,82,Bayer 04 Leverkusen,https://cdn.sofifa.net/teams/32/30.png,€26.5M,€57K,2156,Right,2,4,3,High/ High,Normal (185+),Yes,"<span class=""pos pos9"">RDM",16-Aug-21,nan,2026,187cm,83kg,€47M,8
188350,M. Reus,33,https://cdn.sofifa.net/players/188/350/23_60.png,Germany,https://cdn.sofifa.net/flags/de.png,85,85,Borussia Dortmund,https://cdn.sofifa.net/teams/22/30.png,€33.5M,€78K,2154,Right,4,4,4,High/ Medium,Unique,Yes,"<span class=""pos pos18"">CAM",1-Jul-12,nan,2023,180cm,71kg,€57M,11
206511,M. Arnold,28,https://cdn.sofifa.net/players/206/511/23_60.png,Germany,https://cdn.sofifa.net/flags/de.png,80,81,VfL Wolfsburg,https://cdn.sofifa.net/teams/175/30.png,€20.5M,€51K,2154,Left,2,2,3,High/ Medium,Normal (170-185),Yes,"<span class=""pos pos9"">RDM",10-Oct-11,nan,2026,184cm,74kg,€36.4M,27
215914,N. Kanté,31,https://cdn.sofifa.net/players/215/914/23_60.png,France,https://cdn.sofifa.net/flags/fr.png,89,89,Chelsea,https://cdn.sofifa.net/teams/5/30.png,€72M,€220K,2154,Right,4,3,2,Medium/ High,Unique,Yes,"<span class=""pos pos13"">RCM",16-Jul-16,nan,2023,168cm,70kg,€133.2M,7
216267,A. Robertson,28,https://cdn.sofifa.net/players/216/267/23_60.png,Scotland,https://cdn.sofifa.net/flags/gb-sct.png,87,87,Liverpool,https://cdn.sofifa.net/teams/9/30.png,€72M,€185K,2154,Left,3,2,3,High/ High,Unique,Yes,"<span class=""pos pos7"">LB",21-Jul-17,nan,2026,178cm,64kg,€133.2M,26
203551,A. Florenzi,31,https://cdn.sofifa.net/players/203/551/23_60.png,Italy,https://cdn.sofifa.net/flags/it.png,79,79,AC Milan,https://cdn.sofifa.net/teams/47/30.png,€12.5M,€60K,2154,Right,3,4,3,High/ Medium,Unique,Yes,"<span class=""pos pos28"">SUB",1-Jul-22,nan,2025,173cm,67kg,€21.3M,25
208418,Y. Carrasco,28,https://cdn.sofifa.net/players/208/418/23_60.png,Belgium,https://cdn.sofifa.net/flags/be.png,85,85,Atlético de Madrid,https://cdn.sofifa.net/teams/240/30.png,€54.5M,€90K,2153,Right,3,4,4,High/ High,Lean (185+),Yes,"<span class=""pos pos16"">LM",8-Sep-20,nan,2024,185cm,73kg,€111.7M,21
212523,Anderson Talisca,28,https://cdn.sofifa.net/players/212/523/23_60.png,Brazil,https://cdn.sofifa.net/flags/br.png,82,82,Al Nassr,https://cdn.sofifa.net/teams/112139/30.png,€31M,€64K,2152,Left,2,4,4,High/ Low,Unique,No,"<span class=""pos pos21"">CF",26-Jun-21,nan,2024,190cm,80kg,€52.7M,94
208618,Lucas Vázquez,31,https://cdn.sofifa.net/players/208/618/23_60.png,Spain,https://cdn.sofifa.net/flags/es.png,81,81,Real Madrid CF,https://cdn.sofifa.net/teams/243/30.png,€18.5M,€140K,2152,Right,2,4,4,High/ Medium,Normal (170-185),Yes,"<span class=""pos pos28"">SUB",2-Jul-15,nan,2024,173cm,70kg,€37.9M,17
188152,Oscar,30,https://cdn.sofifa.net/players/188/152/23_60.png,Brazil,https://cdn.sofifa.net/flags/br.png,81,81,Shanghai Port FC,https://cdn.sofifa.net/teams/112540/30.png,€25M,€28K,2152,Right,3,3,4,High/ Medium,Lean (170-185),Yes,"<span class=""pos pos28"">SUB",1-Jan-17,nan,2024,179cm,70kg,€38.8M,8
251573,Renan Lodi,24,https://cdn.sofifa.net/players/251/573/23_60.png,Brazil,https://cdn.sofifa.net/flags/br.png,80,85,Atlético de Madrid,https://cdn.sofifa.net/teams/240/30.png,€29.5M,€46K,2151,Left,1,3,4,High/ Medium,Lean (170-185),Yes,"<span class=""pos pos28"">SUB",7-Jul-19,nan,2025,173cm,68kg,€62.7M,12
205686,T. Savanier,30,https://cdn.sofifa.net/players/205/686/23_60.png,France,https://cdn.sofifa.net/flags/fr.png,81,81,Montpellier Hérault SC,https://cdn.sofifa.net/teams/70/30.png,€25M,€33K,2150,Right,2,5,4,High/ Medium,Normal (170-185),No,"<span class=""pos pos18"">CAM",2-Jul-19,nan,2026,172cm,69kg,€47.5M,11
212207,N. Stanciu,29,https://cdn.sofifa.net/players/212/207/23_60.png,Romania,https://cdn.sofifa.net/flags/ro.png,79,79,Wuhan Three Towns,https://cdn.sofifa.net/teams/116361/30.png,€17M,€26K,2150,Right,2,4,4,Medium/ Medium,Normal (170-),Yes,"<span class=""pos pos15"">LCM",25-Feb-22,nan,2027,170cm,63kg,€26.4M,43
207439,L. Paredes,28,https://cdn.sofifa.net/players/207/439/23_60.png,Argentina,https://cdn.sofifa.net/flags/ar.png,80,80,Paris Saint-Germain,https://cdn.sofifa.net/teams/73/30.png,€18.5M,€79K,2150,Right,2,4,4,Medium/ Medium,Normal (170-185),Yes,"<span class=""pos pos29"">RES",29-Jan-19,nan,2024,180cm,75kg,€34.2M,8
205569,J. Ward-Prowse,27,https://cdn.sofifa.net/players/205/569/23_60.png,England,https://cdn.sofifa.net/flags/gb-eng.png,81,82,Southampton,https://cdn.sofifa.net/teams/17/30.png,€29.5M,€69K,2149,Right,2,3,3,High/ High,Normal (170-185),Yes,"<span class=""pos pos13"">RCM",1-Jun-11,nan,2026,173cm,66kg,€58.3M,8
215071,M. Casco,34,https://cdn.sofifa.net/players/215/071/23_60.png,Argentina,https://cdn.sofifa.net/flags/ar.png,77,77,River Plate,https://cdn.sofifa.net/teams/1876/30.png,€3.9M,€17K,2148,Right,1,5,3,High/ Low,Stocky (170-),No,"<span class=""pos pos3"">RB",9-Sep-15,nan,2023,170cm,69kg,€5.5M,20
178518,R. Nainggolan,34,https://cdn.sofifa.net/players/178/518/23_60.png,Belgium,https://cdn.sofifa.net/flags/be.png,76,76,Royal Antwerp FC,https://cdn.sofifa.net/teams/230/30.png,€3.5M,€22K,2147,Right,3,3,3,Medium/ Low,Unique,Yes,"<span class=""pos pos13"">RCM",14-Aug-21,nan,2023,177cm,89kg,€5.3M,4
165153,K. Benzema,34,https://cdn.sofifa.net/players/165/153/23_60.png,France,https://cdn.sofifa.net/flags/fr.png,91,91,Real Madrid CF,https://cdn.sofifa.net/teams/243/30.png,€64M,€450K,2147,Right,4,4,4,Medium/ Medium,Normal (170-185),Yes,"<span class=""pos pos21"">CF",9-Jul-09,nan,2023,185cm,81kg,€131.2M,9
182521,T. Kroos,32,https://cdn.sofifa.net/players/182/521/23_60.png,Germany,https://cdn.sofifa.net/flags/de.png,88,88,Real Madrid CF,https://cdn.sofifa.net/teams/243/30.png,€72M,€310K,2147,Right,4,5,3,Medium/ Medium,Normal (170-185),Yes,"<span class=""pos pos15"">LCM",17-Jul-14,nan,2023,183cm,76kg,€147.6M,8
121939,17 P. Lahm,32,https://cdn.sofifa.net/players/121/939/17_60.png,Germany,https://cdn.sofifa.net/flags/de.png,88,88,FC Bayern München,https://cdn.sofifa.net/teams/21/30.png,€29.5M,€200K,2146,Right,4,3,3,Medium/ High,Normal (170-),Yes,"<span class=""pos pos3"">RB",1-Nov-02,nan,2018,170cm,66kg,nan,21
178562,É. Banega,34,https://cdn.sofifa.net/players/178/562/23_60.png,Argentina,https://cdn.sofifa.net/flags/ar.png,81,81,Al Shabab,https://cdn.sofifa.net/teams/111674/30.png,€12M,€47K,2145,Right,3,4,4,Medium/ Medium,Normal (170-185),Yes,"<span class=""pos pos13"">RCM",22-Aug-20,nan,2023,176cm,78kg,€20.4M,10
236791,A. Barák,27,https://cdn.sofifa.net/players/236/791/23_60.png,Czech Republic,https://cdn.sofifa.net/flags/cz.png,81,82,Hellas Verona,https://cdn.sofifa.net/teams/206/30.png,€30M,€41K,2144,Left,1,3,4,High/ Medium,Normal (185+),No,"<span class=""pos pos20"">RF",6-Jul-21,nan,2024,190cm,86kg,€53.3M,7
209989,T. Partey,29,https://cdn.sofifa.net/players/209/989/23_60.png,Ghana,https://cdn.sofifa.net/flags/gh.png,84,84,Arsenal,https://cdn.sofifa.net/teams/1/30.png,€36M,€115K,2143,Right,2,3,3,Medium/ High,Lean (185+),Yes,"<span class=""pos pos13"">RCM",5-Oct-20,nan,2024,185cm,77kg,€68.4M,5
241637,A. Tchouaméni,22,https://cdn.sofifa.net/players/241/637/23_60.png,France,https://cdn.sofifa.net/flags/fr.png,82,89,Real Madrid CF,https://cdn.sofifa.net/teams/243/30.png,€61.5M,€145K,2142,Right,2,3,3,Medium/ High,Lean (185+),No,"<span class=""pos pos28"">SUB",1-Jul-22,nan,2028,187cm,81kg,€138.4M,18
183898,Á. Di María,34,https://cdn.sofifa.net/players/183/898/23_60.png,Argentina,https://cdn.sofifa.net/flags/ar.png,84,84,Juventus,https://cdn.sofifa.net/teams/45/30.png,€20M,€160K,2142,Left,4,2,5,High/ Medium,Unique,Yes,"<span class=""pos pos23"">RW",8-Jul-22,nan,2023,180cm,69kg,€34M,22
164169,19 Filipe Luís,32,https://cdn.sofifa.net/players/164/169/19_60.png,Brazil,https://cdn.sofifa.net/flags/br.png,85,85,Atlético de Madrid,https://cdn.sofifa.net/teams/240/30.png,€21.5M,€80K,2141,Left,3,3,3,High/ Medium,Lean (170-185),Yes,"<span class=""pos pos7"">LB",28-Jul-15,nan,2019,182cm,74kg,€44.1M,3
207410,M. Kovačić,28,https://cdn.sofifa.net/players/207/410/23_60.png,Croatia,https://cdn.sofifa.net/flags/hr.png,84,84,Chelsea,https://cdn.sofifa.net/teams/5/30.png,€42M,€155K,2141,Right,3,4,4,High/ High,Normal (170-185),Yes,"<span class=""pos pos28"">SUB",1-Jul-19,nan,2024,176cm,80kg,€77.7M,8
200104,H. Son,29,https://cdn.sofifa.net/players/200/104/23_60.png,Korea Republic,https://cdn.sofifa.net/flags/kr.png,89,89,Tottenham Hotspur,https://cdn.sofifa.net/teams/18/30.png,€101M,€240K,2141,Right,4,5,4,High/ Medium,Unique,Yes,"<span class=""pos pos27"">LW",28-Aug-15,nan,2025,183cm,78kg,€191.9M,7
189596,T. Müller,32,https://cdn.sofifa.net/players/189/596/23_60.png,Germany,https://cdn.sofifa.net/flags/de.png,87,87,FC Bayern München,https://cdn.sofifa.net/teams/21/30.png,€63M,€115K,2140,Right,4,4,3,High/ High,Lean (185+),Yes,"<span class=""pos pos18"">CAM",10-Aug-08,nan,2024,185cm,76kg,€104M,25
214997,Á. Correa,27,https://cdn.sofifa.net/players/214/997/23_60.png,Argentina,https://cdn.sofifa.net/flags/ar.png,83,84,Atlético de Madrid,https://cdn.sofifa.net/teams/240/30.png,€42.5M,€80K,2140,Right,2,4,4,High/ Medium,Normal (170-185),Yes,"<span class=""pos pos28"">SUB",13-Dec-14,nan,2026,171cm,70kg,€90.3M,10
192638,Marcos Alonso,31,https://cdn.sofifa.net/players/192/638/23_60.png,Spain,https://cdn.sofifa.net/flags/es.png,79,79,Chelsea,https://cdn.sofifa.net/teams/5/30.png,€12.5M,€95K,2138,Left,2,3,3,High/ Low,Lean (185+),Yes,"<span class=""pos pos28"">SUB",31-Aug-16,nan,2023,188cm,85kg,€23.1M,3
155862,Sergio Ramos,36,https://cdn.sofifa.net/players/155/862/23_60.png,Spain,https://cdn.sofifa.net/flags/es.png,84,84,Paris Saint-Germain,https://cdn.sofifa.net/teams/73/30.png,€7.5M,€75K,2137,Right,4,3,3,High/ Medium,Unique,Yes,"<span class=""pos pos4"">RCB",8-Jul-21,nan,2023,184cm,82kg,€13.9M,4
180206,M. Pjanić,32,https://cdn.sofifa.net/players/180/206/23_60.png,Bosnia and Herzegovina,https://cdn.sofifa.net/flags/ba.png,81,81,FC Barcelona,https://cdn.sofifa.net/teams/241/30.png,€20M,€145K,2137,Right,3,4,3,Medium/ Medium,Normal (170-185),Yes,"<span class=""pos pos28"">SUB",24-Aug-20,nan,2024,178cm,72kg,€41M,16
226162,E. Buendía,25,https://cdn.sofifa.net/players/226/162/23_60.png,Argentina,https://cdn.sofifa.net/flags/ar.png,80,82,Aston Villa,https://cdn.sofifa.net/teams/2/30.png,€26.5M,€84K,2136,Right,3,4,4,High/ High,Stocky (170-185),Yes,"<span class=""pos pos28"">SUB",10-Jun-21,nan,2026,172cm,65kg,€52.3M,10
189125,G. Bonaventura,32,https://cdn.sofifa.net/players/189/125/23_60.png,Italy,https://cdn.sofifa.net/flags/it.png,78,78,Fiorentina,https://cdn.sofifa.net/teams/110374/30.png,€11M,€52K,2136,Right,2,3,4,High/ Medium,Normal (170-185),No,"<span class=""pos pos13"">RCM",10-Sep-20,nan,2023,181cm,75kg,€18.7M,5
135455,16 Maicon,33,https://cdn.sofifa.net/players/135/455/16_60.png,Brazil,https://cdn.sofifa.net/flags/br.png,77,77,Roma,https://cdn.sofifa.net/teams/52/30.png,€2.9M,€70K,2136,Right,3,3,2,High/ Medium,Normal (170-185),Yes,"<span class=""pos pos28"">SUB",16-Jul-13,nan,2016,184cm,77kg,nan,13
217870,G. Di Lorenzo,28,https://cdn.sofifa.net/players/217/870/23_60.png,Italy,https://cdn.sofifa.net/flags/it.png,82,82,Napoli,https://cdn.sofifa.net/teams/48/30.png,€27.5M,€66K,2135,Right,2,3,3,Medium/ Medium,Normal (170-185),No,"<span class=""pos pos3"">RB",1-Jul-19,nan,2026,183cm,83kg,€46.8M,22
236480,Y. Bissouma,25,https://cdn.sofifa.net/players/236/480/23_60.png,Mali,https://cdn.sofifa.net/flags/ml.png,81,86,Tottenham Hotspur,https://cdn.sofifa.net/teams/18/30.png,€34.5M,€88K,2135,Right,1,3,4,High/ Medium,Lean (170-185),Yes,"<span class=""pos pos28"">SUB",17-Jun-22,nan,2026,182cm,80kg,€68.1M,38
171877,M. Hamšík,34,https://cdn.sofifa.net/players/171/877/23_60.png,Slovakia,https://cdn.sofifa.net/flags/sk.png,80,80,Trabzonspor,https://cdn.sofifa.net/teams/436/30.png,€9.5M,€45K,2135,Right,3,5,4,High/ Medium,Normal (170-185),Yes,"<span class=""pos pos15"">LCM",1-Jul-21,nan,2023,183cm,73kg,€18.1M,17
176676,22 Marcelo,33,https://cdn.sofifa.net/players/176/676/22_60.png,Brazil,https://cdn.sofifa.net/flags/br.png,79,79,Real Madrid CF,https://cdn.sofifa.net/teams/243/30.png,€9M,€125K,2134,Left,4,4,5,High/ Low,Unique,Yes,"<span class=""pos pos28"">SUB",1-Jan-07,nan,2022,174cm,75kg,€18.5M,12
171579,Raúl García,35,https://cdn.sofifa.net/players/171/579/23_60.png,Spain,https://cdn.sofifa.net/flags/es.png,80,80,Athletic Club de Bilbao,https://cdn.sofifa.net/teams/448/30.png,€9M,€28K,2133,Right,2,3,3,Medium/ Medium,Normal (170-185),Yes,"<span class=""pos pos28"">SUB",31-Aug-15,nan,2023,184cm,83kg,€18.9M,22
231866,Rodri,26,https://cdn.sofifa.net/players/231/866/23_60.png,Spain,https://cdn.sofifa.net/flags/es.png,87,89,Manchester City,https://cdn.sofifa.net/teams/10/30.png,€88.5M,€200K,2133,Right,3,4,3,Medium/ High,Normal (185+),Yes,"<span class=""pos pos10"">CDM",4-Jul-19,nan,2027,191cm,82kg,€170.4M,16
252060,T. Pobega,22,https://cdn.sofifa.net/players/252/060/23_60.png,Italy,https://cdn.sofifa.net/flags/it.png,76,85,AC Milan,https://cdn.sofifa.net/teams/47/30.png,€17M,€45K,2133,Left,1,4,3,High/ Medium,Normal (185+),No,"<span class=""pos pos28"">SUB",1-Jul-19,nan,2025,188cm,78kg,€32.3M,32
227813,O. Zinchenko,25,https://cdn.sofifa.net/players/227/813/23_60.png,Ukraine,https://cdn.sofifa.net/flags/ua.png,79,82,Arsenal,https://cdn.sofifa.net/teams/1/30.png,€21.5M,€73K,2133,Left,2,3,3,High/ Medium,Lean (170-185),Yes,"<span class=""pos pos7"">LB",22-Jul-22,nan,2027,175cm,64kg,€42.5M,35
239231,Cucurella,23,https://cdn.sofifa.net/players/239/231/23_60.png,Spain,https://cdn.sofifa.net/flags/es.png,81,85,Chelsea,https://cdn.sofifa.net/teams/5/30.png,€34.5M,€90K,2132,Left,1,3,3,High/ High,Normal (170-185),Yes,"<span class=""pos pos28"">SUB",5-Aug-22,nan,2028,172cm,66kg,€66.4M,32
168651,I. Rakitić,34,https://cdn.sofifa.net/players/168/651/23_60.png,Croatia,https://cdn.sofifa.net/flags/hr.png,82,82,Sevilla FC,https://cdn.sofifa.net/teams/481/30.png,€14M,€39K,2131,Right,3,4,3,Medium/ Medium,Normal (170-185),Yes,"<span class=""pos pos28"">SUB",1-Sep-20,nan,2024,184cm,78kg,€29.4M,10
215798,M. Cornet,25,https://cdn.sofifa.net/players/215/798/23_60.png,Côte d'Ivoire,https://cdn.sofifa.net/flags/ci.png,78,81,West Ham United,https://cdn.sofifa.net/teams/19/30.png,€18.5M,€63K,2130,Left,2,4,3,High/ Medium,Lean (170-185),Yes,"<span class=""pos pos28"">SUB",5-Aug-22,nan,2027,179cm,69kg,€36.5M,14
233419,Raphinha,25,https://cdn.sofifa.net/players/233/419/23_60.png,Brazil,https://cdn.sofifa.net/flags/br.png,83,86,FC Barcelona,https://cdn.sofifa.net/teams/241/30.png,€48M,€180K,2129,Left,2,4,4,High/ High,Lean (170-185),Yes,"<span class=""pos pos28"">SUB",13-Jul-22,nan,2027,176cm,68kg,€102M,22
230658,Arthur,25,https://cdn.sofifa.net/players/230/658/23_60.png,Brazil,https://cdn.sofifa.net/flags/br.png,80,82,Juventus,https://cdn.sofifa.net/teams/45/30.png,€26.5M,€100K,2129,Right,2,3,4,Medium/ Medium,Unique,Yes,"<span class=""pos pos28"">SUB",1-Sep-20,nan,2025,171cm,73kg,€47M,5
205498,Jorginho,30,https://cdn.sofifa.net/players/205/498/23_60.png,Italy,https://cdn.sofifa.net/flags/it.png,85,85,Chelsea,https://cdn.sofifa.net/teams/5/30.png,€51.5M,€165K,2128,Right,2,3,3,Medium/ Medium,Lean (170-185),Yes,"<span class=""pos pos15"">LCM",16-Jul-18,nan,2023,180cm,68kg,€95.3M,5
210881,J. McGinn,27,https://cdn.sofifa.net/players/210/881/23_60.png,Scotland,https://cdn.sofifa.net/flags/gb-sct.png,79,80,Aston Villa,https://cdn.sofifa.net/teams/2/30.png,€20M,€83K,2127,Left,2,2,3,High/ High,Normal (170-185),Yes,"<span class=""pos pos13"">RCM",8-Aug-18,nan,2025,178cm,68kg,€39.5M,7
236496,M. Guendouzi,23,https://cdn.sofifa.net/players/236/496/23_60.png,France,https://cdn.sofifa.net/flags/fr.png,80,86,Olympique de Marseille,https://cdn.sofifa.net/teams/219/30.png,€33M,€41K,2127,Right,1,3,4,Medium/ High,Lean (185+),Yes,"<span class=""pos pos15"">LCM",1-Jul-22,nan,2025,185cm,68kg,€69.3M,6
198031,Sérgio Oliveira,30,https://cdn.sofifa.net/players/198/031/23_60.png,Portugal,https://cdn.sofifa.net/flags/pt.png,79,79,Galatasaray SK,https://cdn.sofifa.net/teams/325/30.png,€17M,€70K,2127,Right,1,4,3,Medium/ Medium,Normal (170-185),Yes,"<span class=""pos pos13"">RCM",9-Jul-22,nan,2026,181cm,78kg,€32.3M,27
210008,A. Rabiot,27,https://cdn.sofifa.net/players/210/008/23_60.png,France,https://cdn.sofifa.net/flags/fr.png,80,81,Juventus,https://cdn.sofifa.net/teams/45/30.png,€24M,€105K,2126,Left,2,3,3,Medium/ Medium,Lean (185+),Yes,"<span class=""pos pos28"">SUB",1-Jul-19,nan,2023,192cm,80kg,€42.6M,25
203483,D. Klaassen,29,https://cdn.sofifa.net/players/203/483/23_60.png,Netherlands,https://cdn.sofifa.net/flags/nl.png,79,79,Ajax,https://cdn.sofifa.net/teams/245/30.png,€17M,€21K,2126,Right,2,3,3,High/ High,Normal (170-185),Yes,"<span class=""pos pos28"">SUB",5-Oct-20,nan,2024,179cm,70kg,€23.8M,6
216594,N. Fekir,28,https://cdn.sofifa.net/players/216/594/23_60.png,France,https://cdn.sofifa.net/flags/fr.png,85,85,Real Betis Balompié,https://cdn.sofifa.net/teams/449/30.png,€54.5M,€48K,2126,Left,3,4,4,High/ Medium,Stocky (170-185),Yes,"<span class=""pos pos18"">CAM",23-Jul-19,nan,2026,173cm,75kg,€114.5M,8
210406,P. Zieliński,28,https://cdn.sofifa.net/players/210/406/23_60.png,Poland,https://cdn.sofifa.net/flags/pl.png,83,83,Napoli,https://cdn.sofifa.net/teams/48/30.png,€36.5M,€78K,2125,Right,3,5,4,Medium/ Medium,Lean (170-185),No,"<span class=""pos pos15"">LCM",4-Aug-16,nan,2024,180cm,75kg,€62.1M,20
192883,H. Mkhitaryan,33,https://cdn.sofifa.net/players/192/883/23_60.png,Armenia,https://cdn.sofifa.net/flags/am.png,81,81,Inter,https://cdn.sofifa.net/teams/44/30.png,€16M,€74K,2125,Right,3,5,4,High/ Low,Normal (170-185),Yes,"<span class=""pos pos28"">SUB",1-Jul-22,nan,2024,177cm,75kg,€26.4M,22
248243,E. Camavinga,19,https://cdn.sofifa.net/players/248/243/23_60.png,France,https://cdn.sofifa.net/flags/fr.png,79,89,Real Madrid CF,https://cdn.sofifa.net/teams/243/30.png,€38M,€78K,2125,Left,3,3,4,High/ High,Lean (170-185),Yes,"<span class=""pos pos28"">SUB",1-Sep-21,nan,2027,182cm,68kg,€85.5M,16
226271,Fabián,26,https://cdn.sofifa.net/players/226/271/23_60.png,Spain,https://cdn.sofifa.net/flags/es.png,83,85,Napoli,https://cdn.sofifa.net/teams/48/30.png,€44.5M,€75K,2125,Left,2,3,4,Medium/ Medium,Normal (185+),Yes,"<span class=""pos pos13"">RCM",5-Jul-18,nan,2023,189cm,70kg,€79M,8
138412,J. Milner,36,https://cdn.sofifa.net/players/138/412/23_60.png,England,https://cdn.sofifa.net/flags/gb-eng.png,78,78,Liverpool,https://cdn.sofifa.net/teams/9/30.png,€4.4M,€69K,2124,Right,2,4,3,Medium/ High,Stocky (170-185),Yes,"<span class=""pos pos28"">SUB",1-Jul-15,nan,2023,175cm,70kg,€8.1M,7
191740,Ander Herrera,32,https://cdn.sofifa.net/players/191/740/23_60.png,Spain,https://cdn.sofifa.net/flags/es.png,79,79,Paris Saint-Germain,https://cdn.sofifa.net/teams/73/30.png,€14M,€78K,2123,Right,3,4,3,High/ High,Lean (170-185),Yes,"<span class=""pos pos28"">SUB",4-Jul-19,nan,2024,182cm,71kg,€25.9M,21
246191,J. Álvarez,22,https://cdn.sofifa.net/players/246/191/23_60.png,Argentina,https://cdn.sofifa.net/flags/ar.png,78,86,Manchester City,https://cdn.sofifa.net/teams/10/30.png,€32M,€100K,2122,Right,1,4,4,High/ High,Normal (170-185),No,"<span class=""pos pos28"">SUB",31-Jan-22,nan,2027,173cm,71kg,€65.6M,19
240709,R. Baku,24,https://cdn.sofifa.net/players/240/709/23_60.png,Germany,https://cdn.sofifa.net/flags/de.png,80,84,VfL Wolfsburg,https://cdn.sofifa.net/teams/175/30.png,€30M,€46K,2122,Right,2,4,3,High/ Medium,Normal (170-185),Yes,"<span class=""pos pos3"">RB",1-Oct-20,nan,2025,176cm,75kg,€53.3M,20
223874,V. Rongier,27,https://cdn.sofifa.net/players/223/874/23_60.png,France,https://cdn.sofifa.net/flags/fr.png,78,79,Olympique de Marseille,https://cdn.sofifa.net/teams/219/30.png,€16M,€40K,2121,Right,2,4,3,Medium/ Medium,Lean (170-185),Yes,"<span class=""pos pos13"">RCM",3-Sep-19,nan,2024,172cm,70kg,€31.6M,21
239085,E. Haaland,21,https://cdn.sofifa.net/players/239/085/23_60.png,Norway,https://cdn.sofifa.net/flags/no.png,88,94,Manchester City,https://cdn.sofifa.net/teams/10/30.png,€148M,€220K,2120,Left,4,3,3,High/ Medium,Unique,Yes,"<span class=""pos pos25"">ST",1-Jul-22,nan,2027,195cm,94kg,€303.4M,9
239301,L. Martínez,24,https://cdn.sofifa.net/players/239/301/23_60.png,Argentina,https://cdn.sofifa.net/flags/ar.png,81,86,Manchester United,https://cdn.sofifa.net/teams/11/30.png,€35M,€95K,2119,Left,2,3,3,Medium/ High,Normal (170-185),No,"<span class=""pos pos28"">SUB",27-Jul-22,nan,2027,178cm,77kg,€69.1M,6
233064,M. Mount,23,https://cdn.sofifa.net/players/233/064/23_60.png,England,https://cdn.sofifa.net/flags/gb-eng.png,84,87,Chelsea,https://cdn.sofifa.net/teams/5/30.png,€57.5M,€130K,2119,Right,3,4,3,High/ High,Lean (170-185),Yes,"<span class=""pos pos23"">RW",10-Jan-16,nan,2024,180cm,74kg,€110.7M,19
189271,F. Coquelin,31,https://cdn.sofifa.net/players/189/271/23_60.png,France,https://cdn.sofifa.net/flags/fr.png,80,80,Villarreal CF,https://cdn.sofifa.net/teams/483/30.png,€17.5M,€39K,2119,Right,2,4,3,Medium/ High,Normal (170-185),Yes,"<span class=""pos pos28"">SUB",12-Aug-20,nan,2024,176cm,74kg,€36.8M,19
199304,Danilo,30,https://cdn.sofifa.net/players/199/304/23_60.png,Brazil,https://cdn.sofifa.net/flags/br.png,80,80,Juventus,https://cdn.sofifa.net/teams/45/30.png,€18M,€95K,2118,Right,2,4,3,Medium/ High,Lean (170-185),Yes,"<span class=""pos pos28"">SUB",7-Aug-19,nan,2024,184cm,78kg,€30.6M,6
221363,D. van de Beek,25,https://cdn.sofifa.net/players/221/363/23_60.png,Netherlands,https://cdn.sofifa.net/flags/nl.png,79,84,Manchester United,https://cdn.sofifa.net/teams/11/30.png,€25.5M,€105K,2118,Right,3,3,3,High/ Medium,Unique,Yes,"<span class=""pos pos28"">SUB",2-Sep-20,nan,2025,184cm,74kg,€50.4M,34
208830,J. Vardy,35,https://cdn.sofifa.net/players/208/830/23_60.png,England,https://cdn.sofifa.net/flags/gb-eng.png,85,85,Leicester City,https://cdn.sofifa.net/teams/95/30.png,€23M,€110K,2118,Right,3,4,3,High/ Medium,Unique,Yes,"<span class=""pos pos25"">ST",1-May-12,nan,2023,179cm,74kg,€43.7M,9
203376,V. van Dijk,30,https://cdn.sofifa.net/players/203/376/23_60.png,Netherlands,https://cdn.sofifa.net/flags/nl.png,90,90,Liverpool,https://cdn.sofifa.net/teams/9/30.png,€98M,€230K,2117,Right,4,3,2,Medium/ High,Unique,Yes,"<span class=""pos pos6"">LCB",1-Jan-18,nan,2025,193cm,92kg,€181.3M,4
229927,Gerson,25,https://cdn.sofifa.net/players/229/927/23_60.png,Brazil,https://cdn.sofifa.net/flags/br.png,78,82,Olympique de Marseille,https://cdn.sofifa.net/teams/219/30.png,€19.5M,€38K,2117,Left,2,3,3,Medium/ Medium,Normal (170-185),No,"<span class=""pos pos20"">RF",2-Jul-21,nan,2026,184cm,76kg,€38.5M,8
146954,18 Gabi,33,https://cdn.sofifa.net/players/146/954/18_60.png,Spain,https://cdn.sofifa.net/flags/es.png,81,81,Atlético de Madrid,https://cdn.sofifa.net/teams/240/30.png,€10.5M,€60K,2116,Right,3,3,2,Medium/ High,Normal (170-185),Yes,"<span class=""pos pos13"">RCM",1-Jul-11,nan,2018,181cm,74kg,€21.5M,14
200610,K. Volland,29,https://cdn.sofifa.net/players/200/610/23_60.png,Germany,https://cdn.sofifa.net/flags/de.png,82,82,AS Monaco,https://cdn.sofifa.net/teams/69/30.png,€30.5M,€76K,2116,Left,2,4,3,High/ High,Stocky (170-185),Yes,"<span class=""pos pos28"">SUB",2-Sep-20,nan,2024,179cm,85kg,€58M,31
223273,M. Pašalić,27,https://cdn.sofifa.net/players/223/273/23_60.png,Croatia,https://cdn.sofifa.net/flags/hr.png,81,81,Atalanta,https://cdn.sofifa.net/teams/39/30.png,€27.5M,€60K,2115,Right,2,4,4,Medium/ Medium,Normal (185+),No,"<span class=""pos pos20"">RF",1-Sep-20,nan,2025,188cm,82kg,€46.8M,88
225201,Álex Berenguer,26,https://cdn.sofifa.net/players/225/201/23_60.png,Spain,https://cdn.sofifa.net/flags/es.png,80,80,Athletic Club de Bilbao,https://cdn.sofifa.net/teams/448/30.png,€23M,€33K,2114,Right,1,4,3,High/ Medium,Normal (170-185),No,"<span class=""pos pos28"">SUB",2-Oct-20,nan,2024,175cm,73kg,€48.3M,7
234568,Gedson Fernandes,23,https://cdn.sofifa.net/players/234/568/23_60.png,Portugal,https://cdn.sofifa.net/flags/pt.png,77,81,Beşiktaş JK,https://cdn.sofifa.net/teams/327/30.png,€15M,€42K,2114,Right,1,3,3,High/ High,Lean (170-185),No,"<span class=""pos pos11"">LDM",1-Jul-22,nan,2026,181cm,71kg,€31.1M,83
223959,L. Torreira,26,https://cdn.sofifa.net/players/223/959/23_60.png,Uruguay,https://cdn.sofifa.net/flags/uy.png,81,83,Galatasaray SK,https://cdn.sofifa.net/teams/325/30.png,€28.5M,€73K,2114,Right,2,3,3,Medium/ High,Normal (170-),Yes,"<span class=""pos pos15"">LCM",8-Aug-22,nan,2023,166cm,60kg,€56.3M,5
227236,A. Zambo Anguissa,26,https://cdn.sofifa.net/players/227/236/23_60.png,Cameroon,https://cdn.sofifa.net/flags/cm.png,81,83,Napoli,https://cdn.sofifa.net/teams/48/30.png,€28.5M,€58K,2113,Right,1,3,3,Medium/ Low,Normal (170-185),Yes,"<span class=""pos pos10"">CDM",26-May-22,nan,2026,184cm,78kg,€50.6M,99
222558,R. Karsdorp,27,https://cdn.sofifa.net/players/222/558/23_60.png,Netherlands,https://cdn.sofifa.net/flags/nl.png,80,81,Roma,https://cdn.sofifa.net/teams/52/30.png,€22M,€63K,2112,Right,2,3,3,High/ Medium,Normal (170-185),Yes,"<span class=""pos pos12"">RM",1-Jul-17,nan,2025,184cm,80kg,€39.1M,2
208461,M. de Roon,31,https://cdn.sofifa.net/players/208/461/23_60.png,Netherlands,https://cdn.sofifa.net/flags/nl.png,80,80,Atalanta,https://cdn.sofifa.net/teams/39/30.png,€15M,€51K,2111,Right,3,3,3,Medium/ High,Normal (185+),Yes,"<span class=""pos pos13"">RCM",10-Aug-17,nan,2024,185cm,76kg,€25.5M,15
211093,C. McGregor,29,https://cdn.sofifa.net/players/211/093/23_60.png,Scotland,https://cdn.sofifa.net/flags/gb-sct.png,77,77,Celtic,https://cdn.sofifa.net/teams/78/30.png,€9M,€50K,2111,Left,1,4,4,High/ High,Normal (170-185),No,"<span class=""pos pos10"">CDM",7-Jul-09,nan,2026,178cm,74kg,€16.2M,42
162347,João Moutinho,35,https://cdn.sofifa.net/players/162/347/23_60.png,Portugal,https://cdn.sofifa.net/flags/pt.png,81,81,Wolverhampton Wanderers,https://cdn.sofifa.net/teams/110/30.png,€10.5M,€70K,2111,Right,3,4,3,Medium/ Medium,Normal (170-),Yes,"<span class=""pos pos15"">LCM",24-Jul-18,nan,2023,170cm,61kg,€20M,28
247851,Bruno Guimarães,24,https://cdn.sofifa.net/players/247/851/23_60.png,Brazil,https://cdn.sofifa.net/flags/br.png,81,86,Newcastle United,https://cdn.sofifa.net/teams/13/30.png,€38.5M,€88K,2110,Right,2,2,3,High/ High,Normal (170-185),Yes,"<span class=""pos pos10"">CDM",31-Jan-22,nan,2026,182cm,74kg,€76M,39
242444,João Félix,22,https://cdn.sofifa.net/players/242/444/23_60.png,Portugal,https://cdn.sofifa.net/flags/pt.png,84,90,Atlético de Madrid,https://cdn.sofifa.net/teams/240/30.png,€68.5M,€78K,2110,Right,2,4,5,Medium/ Medium,Unique,Yes,"<span class=""pos pos26"">LS",3-Jul-19,nan,2026,181cm,70kg,€154.1M,7
184200,M. Arnautović,33,https://cdn.sofifa.net/players/184/200/23_60.png,Austria,https://cdn.sofifa.net/flags/at.png,82,82,Bologna,https://cdn.sofifa.net/teams/189/30.png,€19.5M,€51K,2110,Right,3,4,4,Medium/ Low,Normal (185+),Yes,"<span class=""pos pos25"">ST",1-Aug-21,nan,2024,192cm,83kg,€33.2M,9
231943,Richarlison,25,https://cdn.sofifa.net/players/231/943/23_60.png,Brazil,https://cdn.sofifa.net/flags/br.png,81,84,Tottenham Hotspur,https://cdn.sofifa.net/teams/18/30.png,€34.5M,€105K,2109,Right,3,5,4,High/ Medium,Normal (170-185),Yes,"<span class=""pos pos28"">SUB",1-Jul-22,nan,2027,181cm,71kg,€68.1M,9
222665,M. Ødegaard,23,https://cdn.sofifa.net/players/222/665/23_60.png,Norway,https://cdn.sofifa.net/flags/no.png,84,89,Arsenal,https://cdn.sofifa.net/teams/1/30.png,€63.5M,€105K,2109,Left,3,2,5,High/ Medium,Lean (170-185),Yes,"<span class=""pos pos18"">CAM",20-Aug-21,nan,2026,178cm,68kg,€125.4M,8
251854,Pedri,19,https://cdn.sofifa.net/players/251/854/23_60.png,Spain,https://cdn.sofifa.net/flags/es.png,85,93,FC Barcelona,https://cdn.sofifa.net/teams/241/30.png,€116M,€115K,2109,Right,2,4,4,High/ High,Lean (170-185),Yes,"<span class=""pos pos15"">LCM",4-Aug-20,nan,2026,174cm,61kg,€261M,8
208135,A. Doucouré,29,https://cdn.sofifa.net/players/208/135/23_60.png,Mali,https://cdn.sofifa.net/flags/ml.png,79,79,Everton,https://cdn.sofifa.net/teams/7/30.png,€17M,€49K,2109,Right,2,3,3,High/ High,Unique,Yes,"<span class=""pos pos13"">RCM",8-Sep-20,nan,2023,184cm,76kg,€32.3M,16
208093,Gerard Moreno,30,https://cdn.sofifa.net/players/208/093/23_60.png,Spain,https://cdn.sofifa.net/flags/es.png,85,85,Villarreal CF,https://cdn.sofifa.net/teams/483/30.png,€53M,€64K,2109,Left,2,4,3,High/ Medium,Normal (170-185),Yes,"<span class=""pos pos24"">RS",2-Jul-18,nan,2027,180cm,77kg,€111.3M,7
213648,P. Højbjerg,26,https://cdn.sofifa.net/players/213/648/23_60.png,Denmark,https://cdn.sofifa.net/flags/dk.png,83,85,Tottenham Hotspur,https://cdn.sofifa.net/teams/18/30.png,€40.5M,€110K,2108,Right,2,4,3,High/ High,Normal (185+),Yes,"<span class=""pos pos15"">LCM",11-Aug-20,nan,2025,187cm,84kg,€80M,5
135507,22 Fernandinho,36,https://cdn.sofifa.net/players/135/507/22_60.png,Brazil,https://cdn.sofifa.net/flags/br.png,81,81,Manchester City,https://cdn.sofifa.net/teams/10/30.png,€5M,€86K,2108,Right,3,4,3,Medium/ High,Lean (170-185),Yes,"<span class=""pos pos28"">SUB",1-Jul-13,nan,2022,179cm,67kg,€9.3M,25
211110,P. Dybala,28,https://cdn.sofifa.net/players/211/110/23_60.png,Argentina,https://cdn.sofifa.net/flags/ar.png,86,86,Roma,https://cdn.sofifa.net/teams/52/30.png,€69.5M,€130K,2108,Left,3,3,4,High/ Low,Unique,Yes,"<span class=""pos pos22"">LF",20-Jul-22,nan,2025,177cm,75kg,€118.2M,21
227535,R. Bentancur,25,https://cdn.sofifa.net/players/227/535/23_60.png,Uruguay,https://cdn.sofifa.net/flags/uy.png,79,83,Tottenham Hotspur,https://cdn.sofifa.net/teams/18/30.png,€24.5M,€85K,2107,Right,2,4,4,Medium/ Medium,Lean (185+),No,"<span class=""pos pos13"">RCM",31-Jan-22,nan,2026,187cm,73kg,€48.4M,30
199434,D. Tadić,33,https://cdn.sofifa.net/players/199/434/23_60.png,Serbia,https://cdn.sofifa.net/flags/rs.png,84,84,Ajax,https://cdn.sofifa.net/teams/245/30.png,€26.5M,€32K,2106,Left,3,3,4,Medium/ Medium,Unique,Yes,"<span class=""pos pos25"">ST",3-Jul-18,nan,2024,181cm,76kg,€37.1M,10
229984,B. Chilwell,25,https://cdn.sofifa.net/players/229/984/23_60.png,England,https://cdn.sofifa.net/flags/gb-eng.png,82,85,Chelsea,https://cdn.sofifa.net/teams/5/30.png,€37M,€110K,2106,Left,2,3,3,High/ Medium,Normal (170-185),Yes,"<span class=""pos pos8"">LWB",26-Aug-20,nan,2025,180cm,77kg,€71.2M,21
202884,L. Spinazzola,29,https://cdn.sofifa.net/players/202/884/23_60.png,Italy,https://cdn.sofifa.net/flags/it.png,82,82,Roma,https://cdn.sofifa.net/teams/52/30.png,€27M,€77K,2105,Right,3,4,4,High/ Medium,Lean (185+),Yes,"<span class=""pos pos16"">LM",1-Jul-19,nan,2024,186cm,75kg,€45.9M,37
204963,Carvajal,30,https://cdn.sofifa.net/players/204/963/23_60.png,Spain,https://cdn.sofifa.net/flags/es.png,84,84,Real Madrid CF,https://cdn.sofifa.net/teams/243/30.png,€36.5M,€185K,2105,Right,3,3,3,High/ Medium,Unique,Yes,"<span class=""pos pos3"">RB",5-Jul-13,nan,2025,173cm,73kg,€74.8M,2
236401,N. Mazraoui,24,https://cdn.sofifa.net/players/236/401/23_60.png,Morocco,https://cdn.sofifa.net/flags/ma.png,82,86,FC Bayern München,https://cdn.sofifa.net/teams/21/30.png,€40.5M,€59K,2105,Right,2,3,3,High/ Low,Lean (170-185),Yes,"<span class=""pos pos3"">RB",1-Jul-22,nan,2026,183cm,62kg,€69.9M,40
198784,A. Oxlade-Chamberlain,28,https://cdn.sofifa.net/players/198/784/23_60.png,England,https://cdn.sofifa.net/flags/gb-eng.png,77,77,Liverpool,https://cdn.sofifa.net/teams/9/30.png,€10.5M,€90K,2104,Right,2,4,4,High/ High,Normal (170-185),Yes,"<span class=""pos pos28"">SUB",31-Aug-17,nan,2023,175cm,70kg,€19.4M,15
10535,15 Xavi,34,https://cdn.sofifa.net/players/010/535/15_60.png,Spain,https://cdn.sofifa.net/flags/es.png,86,86,FC Barcelona,https://cdn.sofifa.net/teams/241/30.png,€15.5M,€160K,2104,Right,4,3,3,Medium/ Medium,Normal (170-),Yes,"<span class=""pos pos28"">SUB",1-Jul-98,nan,2020,170cm,67kg,nan,6
190717,M. Antonio,32,https://cdn.sofifa.net/players/190/717/23_60.png,Jamaica,https://cdn.sofifa.net/flags/jm.png,79,79,West Ham United,https://cdn.sofifa.net/teams/19/30.png,€14M,€79K,2103,Right,2,3,4,High/ Medium,Stocky (170-185),Yes,"<span class=""pos pos25"">ST",1-Sep-15,nan,2024,178cm,82kg,€26.6M,9
199451,W. Ben Yedder,31,https://cdn.sofifa.net/players/199/451/23_60.png,France,https://cdn.sofifa.net/flags/fr.png,84,84,AS Monaco,https://cdn.sofifa.net/teams/69/30.png,€35.5M,€88K,2102,Right,2,5,4,High/ Low,Unique,Yes,"<span class=""pos pos25"">ST",14-Aug-19,nan,2024,170cm,68kg,€67.5M,10
202652,R. Sterling,27,https://cdn.sofifa.net/players/202/652/23_60.png,England,https://cdn.sofifa.net/flags/gb-eng.png,86,86,Chelsea,https://cdn.sofifa.net/teams/5/30.png,€72.5M,€195K,2102,Right,4,3,4,High/ Medium,Unique,Yes,"<span class=""pos pos25"">ST",13-Jul-22,nan,2027,170cm,69kg,€134.1M,17
210315,De Tomás,27,https://cdn.sofifa.net/players/210/315/23_60.png,Spain,https://cdn.sofifa.net/flags/es.png,83,84,RCD Espanyol de Barcelona,https://cdn.sofifa.net/teams/452/30.png,€42.5M,€35K,2102,Right,1,4,4,High/ High,Normal (170-185),No,"<span class=""pos pos25"">ST",9-Jan-20,nan,2026,180cm,79kg,€92.4M,11
269770,R. Montlaur,27,https://cdn.sofifa.net/players/269/770/23_60.png,France,https://cdn.sofifa.net/flags/fr.png,77,77,AFC Richmond,https://cdn.sofifa.net/teams/116418/30.png,€10M,€43K,2102,Left,1,4,4,Medium/ High,Lean (170-185),No,"<span class=""pos pos28"">SUB",1-Jul-19,nan,2025,176cm,70kg,€19M,8
246104,R. Gravenberch,20,https://cdn.sofifa.net/players/246/104/23_60.png,Netherlands,https://cdn.sofifa.net/flags/nl.png,79,89,FC Bayern München,https://cdn.sofifa.net/teams/21/30.png,€38.5M,€45K,2101,Right,1,4,4,Medium/ Medium,Lean (185+),Yes,"<span class=""pos pos28"">SUB",1-Jul-22,nan,2027,190cm,79kg,€71.2M,38
246669,B. Saka,20,https://cdn.sofifa.net/players/246/669/23_60.png,England,https://cdn.sofifa.net/flags/gb-eng.png,82,89,Arsenal,https://cdn.sofifa.net/teams/1/30.png,€60.5M,€76K,2101,Left,2,3,3,High/ Medium,Lean (170-185),Yes,"<span class=""pos pos12"">RM",14-Sep-18,nan,2024,178cm,65kg,€127.1M,7
191043,Alex Sandro,31,https://cdn.sofifa.net/players/191/043/23_60.png,Brazil,https://cdn.sofifa.net/flags/br.png,80,80,Juventus,https://cdn.sofifa.net/teams/45/30.png,€15.5M,€95K,2101,Left,3,3,3,High/ Medium,Unique,Yes,"<span class=""pos pos7"">LB",20-Aug-15,nan,2023,180cm,80kg,€26.4M,12
224081,K. Phillips,26,https://cdn.sofifa.net/players/224/081/23_60.png,England,https://cdn.sofifa.net/flags/gb-eng.png,81,85,Manchester City,https://cdn.sofifa.net/teams/10/30.png,€32M,€120K,2100,Right,2,3,3,Medium/ High,Stocky (170-185),Yes,"<span class=""pos pos28"">SUB",4-Jul-22,nan,2028,178cm,72kg,€61.6M,4
199042,C. Aránguiz,33,https://cdn.sofifa.net/players/199/042/23_60.png,Chile,https://cdn.sofifa.net/flags/cl.png,80,80,Bayer 04 Leverkusen,https://cdn.sofifa.net/teams/32/30.png,€10.5M,€53K,2099,Right,3,4,3,Medium/ High,Lean (170-185),Yes,"<span class=""pos pos28"">SUB",13-Aug-15,nan,2023,171cm,68kg,€17.9M,20
243231,E. Mwepu,24,https://cdn.sofifa.net/players/243/231/23_60.png,Zambia,https://cdn.sofifa.net/flags/zm.png,76,82,Brighton & Hove Albion,https://cdn.sofifa.net/teams/1808/30.png,€12M,€49K,2099,Right,1,3,3,High/ High,Normal (170-185),Yes,"<span class=""pos pos11"">LDM",6-Jul-21,nan,2025,184cm,76kg,€25.2M,8
230481,Ronaldo Cabrais,30,https://cdn.sofifa.net/players/230/481/23_60.png,Brazil,https://cdn.sofifa.net/flags/br.png,83,83,Palmeiras,https://cdn.sofifa.net/teams/383/30.png,€35M,€59K,2098,Right,1,4,4,Medium/ Low,Normal (170-185),No,"<span class=""pos pos12"">RM",20-Jun-22,nan,2025,177cm,75kg,€63M,10
208450,Andreas Pereira,26,https://cdn.sofifa.net/players/208/450/23_60.png,Brazil,https://cdn.sofifa.net/flags/br.png,76,79,Fulham,https://cdn.sofifa.net/teams/144/30.png,€10M,€51K,2097,Right,1,4,4,Medium/ Medium,Normal (170-185),Yes,"<span class=""pos pos18"">CAM",11-Jul-22,nan,2026,177cm,70kg,€19.8M,18
226491,K. Tierney,25,https://cdn.sofifa.net/players/226/491/23_60.png,Scotland,https://cdn.sofifa.net/flags/gb-sct.png,81,85,Arsenal,https://cdn.sofifa.net/teams/1/30.png,€33M,€82K,2096,Left,2,3,3,High/ High,Normal (170-185),Yes,"<span class=""pos pos28"">SUB",8-Aug-19,nan,2024,178cm,70kg,€65.2M,3
202371,T. Meunier,30,https://cdn.sofifa.net/players/202/371/23_60.png,Belgium,https://cdn.sofifa.net/flags/be.png,78,78,Borussia Dortmund,https://cdn.sofifa.net/teams/22/30.png,€12M,€41K,2096,Right,2,4,3,High/ Medium,Normal (185+),Yes,"<span class=""pos pos3"">RB",1-Jul-20,nan,2024,191cm,90kg,€20.4M,24
193352,R. Rodríguez,29,https://cdn.sofifa.net/players/193/352/23_60.png,Switzerland,https://cdn.sofifa.net/flags/ch.png,74,74,Torino F.C.,https://cdn.sofifa.net/teams/54/30.png,€3.5M,€33K,2096,Left,2,3,3,Medium/ Medium,Normal (170-185),Yes,"<span class=""pos pos6"">LCB",19-Aug-20,nan,2024,182cm,77kg,€6.3M,13
217036,Álex Moreno,29,https://cdn.sofifa.net/players/217/036/23_60.png,Spain,https://cdn.sofifa.net/flags/es.png,80,80,Real Betis Balompié,https://cdn.sofifa.net/teams/449/30.png,€18.5M,€29K,2096,Left,1,3,3,High/ Medium,Lean (170-185),Yes,"<span class=""pos pos7"">LB",21-Aug-19,nan,2025,179cm,68kg,€38.9M,15
239093,J. Clauss,29,https://cdn.sofifa.net/players/239/093/23_60.png,France,https://cdn.sofifa.net/flags/fr.png,80,80,Olympique de Marseille,https://cdn.sofifa.net/teams/219/30.png,€18.5M,€45K,2095,Right,1,3,3,High/ High,Lean (170-185),No,"<span class=""pos pos12"">RM",20-Jul-22,nan,2025,178cm,69kg,€35.2M,7
195861,Y. Rakitskyi,32,https://cdn.sofifa.net/players/195/861/23_60.png,Ukraine,https://cdn.sofifa.net/flags/ua.png,79,79,Adana Demirspor,https://cdn.sofifa.net/teams/101016/30.png,€11.5M,€25K,2094,Left,2,3,3,High/ Medium,Normal (185+),No,"<span class=""pos pos6"">LCB",26-Jul-22,nan,2023,185cm,83kg,€23M,44
226268,F. Dimarco,24,https://cdn.sofifa.net/players/226/268/23_60.png,Italy,https://cdn.sofifa.net/flags/it.png,78,83,Inter,https://cdn.sofifa.net/teams/44/30.png,€20M,€47K,2094,Left,2,2,3,Medium/ Medium,Normal (170-185),No,"<span class=""pos pos28"">SUB",1-Jul-18,nan,2026,175cm,75kg,€34.5M,32
237238,S. McTominay,25,https://cdn.sofifa.net/players/237/238/23_60.png,Scotland,https://cdn.sofifa.net/flags/gb-sct.png,80,83,Manchester United,https://cdn.sofifa.net/teams/11/30.png,€25M,€100K,2093,Right,2,3,3,Medium/ High,Normal (185+),Yes,"<span class=""pos pos13"">RCM",1-Jul-13,nan,2025,193cm,88kg,€49.4M,39
210324,J. Hofmann,29,https://cdn.sofifa.net/players/210/324/23_60.png,Germany,https://cdn.sofifa.net/flags/de.png,81,81,Borussia Mönchengladbach,https://cdn.sofifa.net/teams/23/30.png,€25.5M,€40K,2093,Right,2,4,3,High/ High,Normal (170-185),Yes,"<span class=""pos pos12"">RM",1-Jan-16,nan,2025,176cm,73kg,€43.4M,23
183498,21 M. Parolo,35,https://cdn.sofifa.net/players/183/498/21_60.png,Italy,https://cdn.sofifa.net/flags/it.png,79,79,Lazio,https://cdn.sofifa.net/teams/46/30.png,€4.9M,€40K,2092,Right,2,4,3,High/ High,Lean (170-185),No,"<span class=""pos pos28"">SUB",1-Jul-14,nan,2021,184cm,75kg,€8.3M,16
201400,Rafinha,29,https://cdn.sofifa.net/players/201/400/23_60.png,Brazil,https://cdn.sofifa.net/flags/br.png,78,78,Paris Saint-Germain,https://cdn.sofifa.net/teams/73/30.png,€13.5M,€74K,2092,Left,2,4,4,High/ Medium,Normal (170-185),Yes,"<span class=""pos pos29"">RES",5-Oct-20,nan,2023,174cm,71kg,€25M,12
238067,N. Zaniolo,22,https://cdn.sofifa.net/players/238/067/23_60.png,Italy,https://cdn.sofifa.net/flags/it.png,81,88,Roma,https://cdn.sofifa.net/teams/52/30.png,€53M,€71K,2092,Left,2,3,4,High/ Medium,Unique,Yes,"<span class=""pos pos20"">RF",1-Jul-18,nan,2024,190cm,75kg,€100.7M,22
193474,I. Gueye,32,https://cdn.sofifa.net/players/193/474/23_60.png,Senegal,https://cdn.sofifa.net/flags/sn.png,82,82,Paris Saint-Germain,https://cdn.sofifa.net/teams/73/30.png,€20.5M,€88K,2092,Right,2,3,3,Medium/ High,Lean (170-185),Yes,"<span class=""pos pos28"">SUB",30-Jul-19,nan,2023,174cm,66kg,€37.9M,27
210896,M. Sanson,27,https://cdn.sofifa.net/players/210/896/23_60.png,France,https://cdn.sofifa.net/flags/fr.png,76,77,Aston Villa,https://cdn.sofifa.net/teams/2/30.png,€8.5M,€66K,2092,Right,2,4,4,Medium/ Medium,Normal (170-185),Yes,"<span class=""pos pos28"">SUB",26-Jan-21,nan,2025,180cm,73kg,€16.8M,8
224030,M. Lopez,24,https://cdn.sofifa.net/players/224/030/23_60.png,France,https://cdn.sofifa.net/flags/fr.png,78,81,U.S. Sassuolo Calcio,https://cdn.sofifa.net/teams/111974/30.png,€19M,€30K,2091,Right,1,3,4,Medium/ Medium,Lean (170-),Yes,"<span class=""pos pos11"">LDM",5-Oct-20,nan,2025,167cm,58kg,€33.7M,27
146530,22 Dani Alves,38,https://cdn.sofifa.net/players/146/530/22_60.png,Brazil,https://cdn.sofifa.net/flags/br.png,77,77,FC Barcelona,https://cdn.sofifa.net/teams/241/30.png,€2.3M,€71K,2091,Right,4,3,4,High/ Medium,Normal (170-185),Yes,"<span class=""pos pos3"">RB",1-Jan-22,nan,2022,172cm,70kg,€4.7M,8
178213,E. Capoue,33,https://cdn.sofifa.net/players/178/213/23_60.png,France,https://cdn.sofifa.net/flags/fr.png,80,80,Villarreal CF,https://cdn.sofifa.net/teams/483/30.png,€13M,€39K,2090,Right,2,3,3,Medium/ Medium,Lean (185+),Yes,"<span class=""pos pos13"">RCM",4-Jan-21,nan,2024,190cm,80kg,€27.3M,6
211688,Gayà,27,https://cdn.sofifa.net/players/211/688/23_60.png,Spain,https://cdn.sofifa.net/flags/es.png,82,83,Valencia CF,https://cdn.sofifa.net/teams/461/30.png,€32M,€44K,2090,Left,3,3,4,High/ Medium,Lean (170-185),Yes,"<span class=""pos pos7"">LB",13-Sep-12,nan,2023,172cm,66kg,€69.6M,14
200949,Lucas Moura,29,https://cdn.sofifa.net/players/200/949/23_60.png,Brazil,https://cdn.sofifa.net/flags/br.png,80,80,Tottenham Hotspur,https://cdn.sofifa.net/teams/18/30.png,€20.5M,€105K,2090,Right,3,4,4,Medium/ Medium,Unique,Yes,"<span class=""pos pos28"">SUB",31-Jan-18,nan,2024,174cm,70kg,€39M,27
220697,J. Maddison,25,https://cdn.sofifa.net/players/220/697/23_60.png,England,https://cdn.sofifa.net/flags/gb-eng.png,82,84,Leicester City,https://cdn.sofifa.net/teams/95/30.png,€38M,€100K,2090,Right,1,4,4,High/ Medium,Lean (170-185),Yes,"<span class=""pos pos18"">CAM",20-Jun-18,nan,2024,175cm,73kg,€75.1M,10
210739,C. Nielsen,28,https://cdn.sofifa.net/players/210/739/23_60.png,Denmark,https://cdn.sofifa.net/flags/dk.png,76,76,Club Brugge KV,https://cdn.sofifa.net/teams/231/30.png,€7.5M,€26K,2090,Right,1,3,3,High/ High,Normal (170-185),No,"<span class=""pos pos10"">CDM",18-Jul-22,nan,2026,182cm,76kg,€10.5M,27
216475,Morales,34,https://cdn.sofifa.net/players/216/475/23_60.png,Spain,https://cdn.sofifa.net/flags/es.png,80,80,Villarreal CF,https://cdn.sofifa.net/teams/483/30.png,€10M,€39K,2089,Right,2,4,4,High/ Medium,Lean (170-185),Yes,"<span class=""pos pos26"">LS",1-Jul-22,nan,2024,180cm,70kg,€21M,20
202556,M. Depay,28,https://cdn.sofifa.net/players/202/556/23_60.png,Netherlands,https://cdn.sofifa.net/flags/nl.png,85,85,FC Barcelona,https://cdn.sofifa.net/teams/241/30.png,€55M,€230K,2089,Right,4,3,5,High/ Low,Unique,Yes,"<span class=""pos pos27"">LW",1-Jul-21,nan,2023,176cm,78kg,€112.8M,6
206006,E. Alioski,30,https://cdn.sofifa.net/players/206/006/23_60.png,North Macedonia,https://cdn.sofifa.net/flags/mk.png,74,74,Fenerbahçe SK,https://cdn.sofifa.net/teams/326/30.png,€3.6M,€45K,2089,Left,1,2,3,High/ High,Normal (170-185),Yes,"<span class=""pos pos28"">SUB",28-Jul-21,nan,2023,172cm,63kg,€6.8M,6
231318,R. Perraud,24,https://cdn.sofifa.net/players/231/318/23_60.png,France,https://cdn.sofifa.net/flags/fr.png,76,82,Southampton,https://cdn.sofifa.net/teams/17/30.png,€11M,€38K,2088,Left,1,2,3,High/ Medium,Normal (170-185),No,"<span class=""pos pos28"">SUB",2-Jul-21,nan,2025,173cm,68kg,€23.1M,15
189575,Muniain,29,https://cdn.sofifa.net/players/189/575/23_60.png,Spain,https://cdn.sofifa.net/flags/es.png,84,84,Athletic Club de Bilbao,https://cdn.sofifa.net/teams/448/30.png,€41.5M,€49K,2088,Right,2,3,4,High/ Medium,Normal (170-),Yes,"<span class=""pos pos16"">LM",1-Aug-09,nan,2024,170cm,66kg,€87.2M,10
226790,W. Ndidi,25,https://cdn.sofifa.net/players/226/790/23_60.png,Nigeria,https://cdn.sofifa.net/flags/ng.png,84,86,Leicester City,https://cdn.sofifa.net/teams/95/30.png,€47.5M,€105K,2087,Right,1,4,3,Medium/ High,Lean (170-185),Yes,"<span class=""pos pos29"">RES",5-Jan-17,nan,2024,183cm,74kg,€93.8M,25
190674,B. André,31,https://cdn.sofifa.net/players/190/674/23_60.png,France,https://cdn.sofifa.net/flags/fr.png,79,79,LOSC Lille,https://cdn.sofifa.net/teams/65/30.png,€12.5M,€35K,2087,Right,2,3,3,High/ High,Normal (170-185),No,"<span class=""pos pos9"">RDM",17-Jul-19,nan,2023,180cm,74kg,€23.8M,21
230065,S. Serdar,25,https://cdn.sofifa.net/players/230/065/23_60.png,Germany,https://cdn.sofifa.net/flags/de.png,77,81,Hertha BSC,https://cdn.sofifa.net/teams/166/30.png,€14.5M,€30K,2087,Right,2,3,4,High/ Medium,Normal (170-185),Yes,"<span class=""pos pos15"">LCM",1-Jul-21,nan,2026,184cm,75kg,€25.7M,8
220971,N. Keïta,27,https://cdn.sofifa.net/players/220/971/23_60.png,Guinea,https://cdn.sofifa.net/flags/gn.png,81,82,Liverpool,https://cdn.sofifa.net/teams/9/30.png,€29.5M,€115K,2087,Right,2,4,4,Medium/ Medium,Lean (170-185),Yes,"<span class=""pos pos28"">SUB",1-Jul-18,nan,2023,172cm,64kg,€56.8M,8